MSOAcode,MSOAName,Population,PopDensity,Age16_29%,BAME%,Householdspaces_no_usualresidents,Household_Income,House_Price
E02000001,City of London 001,"8,760",30,20.0228,21.4,1.315970345,4.901458321,5.968177901
E02000002,Barking and Dagenham 001,"7,301",34,17.7236,35,0.462397998,4.586587305,5.3762922
E02000003,Barking and Dagenham 002,"10,810",50,18.6031,45.4,0.447158031,4.666517981,5.398328962
E02000004,Barking and Dagenham 003,"6,491",26,21.9535,19,0.278753601,4.656098202,5.415759377
E02000005,Barking and Dagenham 004,"9,060",76,18.4989,33.7,0.431363764,4.612783857,5.398138002
E02000007,Barking and Dagenham 006,"9,415",54,19.915,32.8,0.414973348,4.558708571,5.371260018
E02000008,Barking and Dagenham 007,"12,208",86,17.9472,30.4,0.041392685,4.551449998,5.359247174
E02000009,Barking and Dagenham 008,"10,426",108,19.4034,38.8,0.380211242,4.5774918,5.343725582
E02000010,Barking and Dagenham 009,"9,132",81,18.1121,30.8,0.204119983,4.596597096,5.348049664
E02000011,Barking and Dagenham 010,"6,709",42,19.1683,33.6,0.397940009,4.638489257,5.3787757
E02000012,Barking and Dagenham 011,"10,766",83,22.794,56.1,0.255272505,4.705863712,5.514826568
E02000013,Barking and Dagenham 012,"8,792",67,16.9359,31.1,0.176091259,4.592176757,5.372272973
E02000014,Barking and Dagenham 013,"9,629",81,17.7173,29.5,0.230448921,4.580924976,5.359059128
E02000015,Barking and Dagenham 014,"7,795",57,20.8339,36.7,0.278753601,4.588831726,5.307376216
E02000016,Barking and Dagenham 015,"8,892",100,23.1669,70.4,0.643452676,4.617000341,5.274591927
E02000017,Barking and Dagenham 016,"8,860",101,22.5959,68.7,0.380211242,4.691081492,5.386498966
E02000018,Barking and Dagenham 017,"9,431",69,19.245,35.9,-0.15490196,4.553883027,5.351686174
E02000019,Barking and Dagenham 018,"9,079",30,17.8324,36.1,0.255272505,4.603144373,5.360962426
E02000020,Barking and Dagenham 019,"11,742",34,19.5026,53.6,0.361727836,4.609594409,5.321040966
E02000021,Barking and Dagenham 020,"8,610",30,18.223,42.5,0.556302501,4.588831726,5.343566132
E02000022,Barking and Dagenham 021,"8,655",116,18.8793,61.8,-0.15490196,4.532754379,5.281467445
E02000023,Barking and Dagenham 022,"7,481",43,19.1017,54.8,0.176091259,4.549003262,5.356199923
E02006799,Barking and Dagenham 023,"10,695",92,18.0645,37.9,0.431363764,4.57054294,5.408178888
E02000024,Barnet 001,"10,982",29,14.8243,16.6,0.653212514,4.802089258,5.72130433
E02000025,Barnet 002,"8,423",35,15.2321,21.3,0.447158031,4.698100546,5.605908113
E02000026,Barnet 003,"6,567",45,14.9536,21.4,0.230448921,4.737987326,5.680795857
E02000027,Barnet 004,"10,083",60,17.2964,30.3,0.230448921,4.672097858,5.629299482
E02000028,Barnet 005,"6,591",62,15.7943,25.1,0.113943352,4.744292983,5.658040985
E02000029,Barnet 006,"9,002",53,15.8076,25,0.146128036,4.683047038,5.569152609
E02000030,Barnet 007,"9,377",6,15.1008,25,0.62324929,4.773786445,5.967236651
E02000031,Barnet 008,"7,311",38,15.251,28.4,0.447158031,4.751279104,5.834913218
E02000032,Barnet 009,"7,732",55,14.4594,32.3,0.204119983,4.748188027,5.756971397
E02000033,Barnet 010,"8,841",50,17.1021,31,0.380211242,4.686636269,5.593984586
E02000034,Barnet 011,"8,895",57,15.9753,29.3,0.255272505,4.7084209,5.671089495
E02000035,Barnet 012,"8,622",66,16.9334,36.1,0.477121255,4.716837723,5.689954935
E02000036,Barnet 013,"11,542",64,18.359,42,0.380211242,4.696356389,5.633777402
E02000037,Barnet 014,"9,718",22,15.7851,36.5,0.342422681,4.747411808,5.748630627
E02000038,Barnet 015,"11,344",64,18.6707,34.5,0.447158031,4.740362689,5.689164959
E02000039,Barnet 016,"7,037",33,16.7543,29.9,0.612783857,4.799340549,5.843504361
E02000040,Barnet 017,"7,432",14,16.7519,37.7,0.568201724,4.741151599,5.808912167
E02000041,Barnet 018,"9,530",71,18.51,42.8,0.51851394,4.677606953,5.67001751
E02000042,Barnet 019,"11,618",96,17.2233,42,0.397940009,4.706717782,5.634268638
E02000043,Barnet 020,"7,820",53,13.9258,39.6,0.397940009,4.84260924,5.844411312
E02000044,Barnet 021,"8,658",78,17.8448,43.9,0.342422681,4.689308859,5.601560265
E02000045,Barnet 022,"10,871",63,19.2071,35.5,0.301029996,4.689308859,5.62791657
E02000046,Barnet 023,"7,375",76,18.1559,37.2,0.397940009,4.744292983,5.796276608
E02000047,Barnet 024,"12,230",86,19.8119,53.9,0.342422681,4.64738297,5.481560144
E02000048,Barnet 025,"10,251",33,16.0472,36.1,0.342422681,4.740362689,5.729762344
E02000049,Barnet 026,"9,199",117,19.7413,61.5,0,4.557507202,5.451112219
E02000050,Barnet 027,"10,738",51,18.2809,37.6,0.230448921,4.698970004,5.684547355
E02000051,Barnet 028,"9,146",63,17.6252,34.3,0.62324929,4.709269961,5.850851389
E02000052,Barnet 029,"10,434",108,20.0786,26.6,0.397940009,4.783188691,5.737296829
E02000053,Barnet 030,"12,690",82,27.3444,59,0.556302501,4.680335513,5.506390017
E02000054,Barnet 031,"7,494",50,23.4321,46,0.579783597,4.720159303,5.701352943
E02000055,Barnet 032,"11,641",81,26.6816,38.1,0.643452676,4.688419822,5.810849907
E02000056,Barnet 033,"9,120",28,14.4518,20.3,0.763427994,4.916980047,6.147272134
E02000057,Barnet 034,"7,871",72,23.504,29.6,0.69019608,4.729974286,5.815496726
E02000058,Barnet 035,"10,823",60,17.9063,23.2,0.531478917,4.761175813,5.931615998
E02000059,Barnet 036,"11,466",52,20.5477,57.8,0.380211242,4.644438589,5.549177436
E02000060,Barnet 037,"11,914",97,19.8422,27.4,0.591064607,4.688419822,5.832423962
E02000061,Barnet 038,"8,551",54,20.0327,33.7,0.826074803,4.747411808,6.06497883
E02000062,Barnet 039,"6,726",37,22.8962,50.6,0.342422681,4.607455023,5.612562416
E02000063,Barnet 040,"7,424",72,20.1643,47.7,0.491361694,4.665580991,5.715807867
E02000064,Barnet 041,"6,602",83,22.2963,39.1,0.579783597,4.658011397,5.843225301
E02000065,Bexley 001,"8,526",27,18.3439,56.7,0.716003344,4.644438589,5.312854091
E02000066,Bexley 002,"10,189",65,19.1383,47.1,0.785329835,4.57634135,5.374398204
E02000067,Bexley 003,"9,857",43,19.8032,30.4,0.505149978,4.612783857,5.261619677
E02000068,Bexley 004,"7,962",35,20.0075,34.7,0.556302501,4.611723308,5.292455447
E02000069,Bexley 005,"6,408",44,17.9463,25.6,0.477121255,4.644438589,5.375012141
E02000070,Bexley 006,"7,916",43,17.1551,17.6,0.397940009,4.706717782,5.463479392
E02000071,Bexley 007,"7,631",65,19.7746,15.1,0.431363764,4.670245853,5.449299399
E02000072,Bexley 008,"11,681",27,20.4092,28.7,0.322219295,4.602059991,5.365489857
E02000073,Bexley 009,"10,868",68,16.3139,16.2,0.255272505,4.762678564,5.527720101
E02000074,Bexley 010,"8,103",72,17.8699,17.9,0.230448921,4.600972896,5.344233069
E02000075,Bexley 011,"8,184",53,15.3837,11.6,0.204119983,4.707570176,5.526211297
E02000077,Bexley 013,"8,275",74,17.5589,17.1,0.380211242,4.72427587,5.460231614
E02000078,Bexley 014,"7,832",53,16.2794,9.4,0.176091259,4.716003344,5.468943706
E02000079,Bexley 015,"8,324",51,17.0471,13.4,0.431363764,4.685741739,5.447829118
E02000080,Bexley 016,"9,817",58,18.8856,18.5,0.477121255,4.684845362,5.484425126
E02000081,Bexley 017,"7,845",36,16.1377,10.4,0.278753601,4.683047038,5.427104554
E02000082,Bexley 018,"9,176",61,18.1997,12.6,0.431363764,4.736396502,5.485132033
E02000083,Bexley 019,"11,083",30,18.1449,12.1,0.322219295,4.650307523,5.383587391
E02000084,Bexley 020,"10,945",42,16.3362,12.9,0.278753601,4.747411808,5.553482515
E02000085,Bexley 021,"8,091",50,19.0335,10,0.397940009,4.713490543,5.472924578
E02000086,Bexley 022,"7,380",50,17.2358,7.4,0.204119983,4.745855195,5.51911627
E02000087,Bexley 023,"7,920",21,15.8081,10.3,0.397940009,4.764176132,5.631250932
E02000088,Bexley 024,"7,761",39,17.7426,8.2,0.230448921,4.784617293,5.552273888
E02000089,Bexley 025,"7,906",58,15.4566,7.6,0.146128036,4.77524626,5.565200616
E02000090,Bexley 026,"9,172",51,19.0471,9.4,0.505149978,4.698970004,5.506383251
E02000091,Bexley 027,"9,959",36,17.9737,10.5,0.579783597,4.687528961,5.4945247
E02000092,Bexley 028,"6,708",11,17.74,12.6,0.361727836,4.630427875,5.474280383
E02006785,Bexley 029,"6,623",49,18.2093,17.8,0.397940009,4.636487896,5.441571034
E02000093,Brent 001,"11,118",81,18.8253,72.1,0.255272505,4.705863712,5.586301431
E02000094,Brent 002,"8,711",75,19.5844,62.5,0.414973348,4.680335513,5.565936321
E02000095,Brent 003,"10,130",65,18.5785,72.2,0.322219295,4.698970004,5.615215441
E02000096,Brent 004,"7,504",46,17.8971,67.7,0.397940009,4.746634199,5.709634547
E02000097,Brent 005,"8,989",48,18.6116,63.9,0.278753601,4.684845362,5.626707771
E02000098,Brent 006,"8,406",46,18.9507,67.2,0.462397998,4.667452953,5.7041591
E02000099,Brent 007,"8,866",69,19.9526,70,0.380211242,4.691965103,5.591956778
E02000100,Brent 008,"8,959",43,27.8379,68.4,0.73239376,4.730782276,5.787097584
E02000101,Brent 009,"9,616",68,18.2092,69.7,0.380211242,4.599883072,5.611692513
E02000102,Brent 010,"7,864",58,18.8199,68.3,0.278753601,4.622214023,5.555592573
E02000103,Brent 011,"8,966",51,19.1278,57.8,0.380211242,4.622214023,5.647522822
E02000104,Brent 012,"7,105",64,18.1703,70.1,0.380211242,4.67669361,5.551743901
E02000105,Brent 013,"9,828",72,18.2336,75.8,0.361727836,4.684845362,5.522852253
E02000106,Brent 014,"10,806",81,20.7385,62.4,0.431363764,4.582063363,5.628245845
E02000107,Brent 015,"11,347",119,24.3148,46.5,0.505149978,4.6599162,5.746752485
E02000108,Brent 016,"6,667",82,18.0891,73.8,0.176091259,4.630427875,5.489649163
E02000109,Brent 017,"11,071",57,22.9338,76.3,0.653212514,4.663700925,5.536680886
E02000110,Brent 018,"8,505",106,24.3386,46.9,0.278753601,4.699837726,5.810903609
E02000111,Brent 019,"10,766",95,17.2302,83.8,0.278753601,4.667452953,5.565533786
E02000112,Brent 020,"10,214",80,19.4929,78.9,0.643452676,4.641474111,5.548880563
E02000113,Brent 021,"9,586",65,20.217,75.3,0.146128036,4.557507202,5.428066728
E02000114,Brent 022,"9,194",150,26.2236,47.4,0.414973348,4.632457292,5.706002186
E02000115,Brent 023,"8,443",99,24.849,37.9,0.544068044,4.684845362,5.841641608
E02000116,Brent 024,"9,106",83,22.864,59.2,0.322219295,4.556302501,5.634857993
E02000117,Brent 025,"12,436",140,19.4596,68.9,0.322219295,4.532754379,5.466241667
E02000118,Brent 026,"10,404",84,20.396,82.7,0.204119983,4.651278014,5.4454563
E02000119,Brent 027,"7,952",31,20.171,78.1,0.431363764,4.582063363,5.568292095
E02000120,Brent 028,"9,327",184,22.0543,35.8,0.51851394,4.679427897,5.83246101
E02000121,Brent 029,"10,209",73,19.9726,84,0.963787827,4.644438589,5.50035862
E02000122,Brent 030,"8,033",67,18.3742,41.8,0.505149978,4.747411808,6.008998518
E02000123,Brent 031,"15,545",150,19.8971,60.2,0.278753601,4.534026106,5.649154677
E02000124,Brent 032,"10,153",93,20.1714,35.2,0.414973348,4.72427587,5.989167613
E02000125,Brent 033,"10,682",139,18.7044,46.1,0.301029996,4.701567985,5.899013519
E02000126,Brent 034,"7,504",171,19.5229,66.9,0.041392685,4.559906625,5.712480496
E02000127,Bromley 001,"9,235",42,15.3902,19.5,0.73239376,4.620136055,5.490377112
E02000128,Bromley 002,"7,744",31,17.4445,11.7,0.51851394,4.758154622,5.636562111
E02000130,Bromley 004,"8,523",57,15.6637,30.5,0.591064607,4.711807229,5.645746395
E02000131,Bromley 005,"9,883",56,16.3088,37.4,0.447158031,4.64246452,5.535878695
E02000132,Bromley 006,"9,585",55,18.1827,19.5,0.556302501,4.729974286,5.640042946
E02000133,Bromley 007,"10,641",18,16.4424,12.1,0.740362689,4.876217841,5.860809783
E02000134,Bromley 008,"11,487",59,12.7432,17,0.740362689,4.727541257,5.592565338
E02000135,Bromley 009,"10,329",89,16.6014,43.5,0.491361694,4.574031268,5.483594428
E02000136,Bromley 010,"5,694",12,20.699,15,0.69019608,4.718501689,5.667139027
E02000137,Bromley 011,"8,267",44,16.1398,15.2,0.477121255,4.755112266,5.607488264
E02000138,Bromley 012,"8,272",40,14.2252,14.3,0.591064607,4.812913357,5.671102461
E02000139,Bromley 013,"7,635",50,13.0077,16.8,0.531478917,4.757396029,5.647156961
E02000140,Bromley 014,"8,433",45,14.5383,15.7,0.255272505,4.587710965,5.426133733
E02000141,Bromley 015,"7,384",79,19.5541,30.4,0.72427587,4.687528961,5.545329387
E02000142,Bromley 016,"8,537",48,16.8066,14.8,0.568201724,4.787460475,5.685239995
E02000144,Bromley 018,"9,252",47,15.0404,19.6,0.672097858,4.779596491,5.565679025
E02000145,Bromley 019,"8,866",8,16.0722,19.3,0.431363764,4.650307523,5.397277639
E02000146,Bromley 020,"9,200",51,18.3284,13.1,0.653212514,4.754348336,5.549385861
E02000147,Bromley 021,"8,155",36,14.7826,14.2,0.397940009,4.841984805,5.805790291
E02000148,Bromley 022,"6,604",24,14.5187,11.3,0.447158031,4.829946696,5.707269472
E02000149,Bromley 023,"8,051",43,12.7801,11.9,0.322219295,4.671172843,5.467289852
E02000150,Bromley 024,"8,635",28,16.6936,16.4,0.361727836,4.78604121,5.710630089
E02000151,Bromley 025,"7,657",36,16.7342,8.9,0.230448921,4.874481818,5.716963575
E02000152,Bromley 026,"7,523",29,11.9237,16,0.785329835,4.680335513,5.551546362
E02000153,Bromley 027,"7,940",35,16.855,8.5,0.230448921,4.85308953,5.713212405
E02000154,Bromley 028,"8,362",40,13.9924,13,0.505149978,4.758154622,5.612604806
E02000155,Bromley 029,"6,941",38,15.8933,10.4,0.342422681,4.680335513,5.516151809
E02000156,Bromley 030,"12,414",32,14.58,10.6,0.447158031,4.784617293,5.674361369
E02000157,Bromley 031,"8,137",33,14.822,8,0.397940009,4.86332286,5.662134266
E02000158,Bromley 032,"7,760",36,13.2481,12.2,0.204119983,4.726727209,5.605505444
E02000159,Bromley 033,"6,986",12,15.1289,9.8,0.681241237,4.845718018,5.897940879
E02000160,Bromley 034,"7,937",9,14.1283,6.5,0.397940009,4.788168371,5.696778245
E02000161,Bromley 035,"8,641",50,14.9553,11.7,0.230448921,4.820857989,5.605989894
E02000162,Bromley 036,"7,002",5,12.8457,9.5,0.414973348,4.705007959,5.629854879
E02000163,Bromley 037,"7,754",7,13.7104,7.1,0.322219295,4.792391689,5.788029007
E02000165,Bromley 039,"7,050",12,12.5871,4.7,0.301029996,4.772321707,5.476415677
E02006782,Bromley 040,"7,813",30,16.1986,23.2,0.681241237,4.689308859,5.597721506
E02006787,Bromley 041,"7,948",53,15.8966,15.5,0.380211242,4.770115295,5.62997911
E02006789,Bromley 042,"6,580",3,13.0976,4.1,0.698970004,4.720985744,5.623289616
E02000166,Camden 001,"8,554",28,13.5866,20.6,0.62324929,4.740362689,6.05088955
E02000167,Camden 002,"8,596",41,12.4942,15.2,0.838849091,4.911690159,6.221406934
E02000168,Camden 003,"9,000",132,19.8778,21.8,0.380211242,4.764176132,5.938867322
E02000169,Camden 004,"8,524",76,21.0113,24.1,0.86923172,4.880241776,6.264098754
E02000170,Camden 005,"9,127",118,22.2417,25.7,0.69019608,4.815577748,5.921830523
E02000171,Camden 006,"8,667",166,17.7685,22.9,0.544068044,4.752048448,5.996150778
E02000172,Camden 007,"11,498",172,24.8826,37.4,0.204119983,4.619093331,5.829728852
E02000173,Camden 008,"8,713",112,18.2027,29.9,0.707570176,4.858537198,6.199073865
E02000174,Camden 009,"9,637",177,26.0143,32.1,0.278753601,4.701567985,5.78534265
E02000175,Camden 010,"9,850",142,26.2335,29.7,0.556302501,4.773054693,5.936437332
E02000176,Camden 011,"7,190",181,15.1182,22.3,0.740362689,4.84509804,6.056341046
E02000177,Camden 012,"9,947",190,23.776,36,0.462397998,4.650307523,5.872254779
E02000178,Camden 013,"9,706",173,25.5306,36.9,0.342422681,4.641474111,5.754744983
E02000179,Camden 014,"7,064",184,16.7044,33.4,0.716003344,4.751279104,6.02914221
E02000180,Camden 015,"8,358",172,26.9921,33.9,0.62324929,4.69019608,5.826545142
E02000181,Camden 016,"8,169",151,21.8019,24.2,0.477121255,4.79518459,5.877530289
E02000182,Camden 017,"7,550",95,20.106,40.3,0.908485019,4.800029359,6.366366168
E02000183,Camden 018,"8,335",108,16.8926,22.8,0.880813592,4.810232518,6.209741218
E02000184,Camden 019,"9,488",143,31.9351,41,0.380211242,4.704150517,5.782822928
E02000185,Camden 020,"9,323",198,19.779,42,0.716003344,4.6599162,5.722661065
E02000186,Camden 021,"7,322",73,29.2543,30.6,0.986771734,4.720159303,6.162014769
E02000187,Camden 022,"9,936",103,29.2069,52.9,0.322219295,4.614897216,5.813007555
E02000188,Camden 023,"8,322",164,34.8474,51.6,0.397940009,4.608526034,5.729152636
E02000189,Camden 024,"6,523",219,35.0606,54.6,0.612783857,4.646403726,5.846147144
E02000190,Camden 025,"7,381",199,35.6862,43,0.86923172,4.615950052,5.729776099
E02000191,Camden 026,"8,160",127,50.2328,43.2,1.079181246,4.761175813,5.845506705
E02000192,Camden 027,"8,014",186,24.2575,41.5,0.672097858,4.704150517,5.979374895
E02000193,Camden 028,"8,105",74,30.475,35.6,1.06069784,4.770852012,5.932251995
E02000194,Croydon 001,"9,344",67,16.4812,39.6,0.342422681,4.678518379,5.563007375
E02000195,Croydon 002,"9,521",49,18.0548,53.9,0.397940009,4.694605199,5.620467117
E02000196,Croydon 003,"7,697",63,21.0991,64.4,0.322219295,4.666517981,5.599688796
E02000197,Croydon 004,"9,591",97,18.3505,64.1,0.414973348,4.650307523,5.557070282
E02000198,Croydon 005,"8,603",96,18.1332,62.7,0.431363764,4.610660163,5.420919044
E02000199,Croydon 006,"8,531",99,18.0518,66.6,0.361727836,4.666517981,5.461593059
E02000200,Croydon 007,"8,830",71,16.5232,54.2,0.431363764,4.655138435,5.422699795
E02000201,Croydon 008,"9,133",106,19.2708,60.2,0.544068044,4.620136055,5.396333626
E02000202,Croydon 009,"8,562",116,18.6522,75.2,0.397940009,4.643452676,5.463612323
E02000203,Croydon 010,"7,964",103,18.2446,70.9,0.361727836,4.631443769,5.413827639
E02000204,Croydon 011,"9,634",89,19.753,79.7,0.380211242,4.6599162,5.428139656
E02000206,Croydon 013,"9,937",68,17.7921,63.5,0.672097858,4.587710965,5.378850131
E02000207,Croydon 014,"9,235",74,19.686,54,0.255272505,4.64738297,5.397020068
E02000208,Croydon 015,"10,624",121,20.0772,71.7,0.361727836,4.592176757,5.335987157
E02000209,Croydon 016,"8,703",87,18.35,72.3,0.204119983,4.643452676,5.391732347
E02000210,Croydon 017,"8,469",109,17.5109,42.8,0.361727836,4.670245853,5.467009891
E02000211,Croydon 018,"8,091",48,16.611,25.4,0.322219295,4.719331287,5.53908112
E02000212,Croydon 019,"8,998",72,18.0485,70.2,0.322219295,4.629409599,5.405858399
E02000213,Croydon 020,"10,480",102,20.7824,66.7,0.602059991,4.604226053,5.429585957
E02000214,Croydon 021,"6,385",62,16.899,32.8,0.322219295,4.760422483,5.569420731
E02000215,Croydon 022,"10,857",110,19.8397,45.5,0.568201724,4.696356389,5.451172158
E02000216,Croydon 023,"6,935",32,12.819,50.8,0.591064607,4.746634199,5.584092523
E02000217,Croydon 024,"11,353",79,20.1356,47.7,0.579783597,4.633468456,5.422924541
E02000218,Croydon 025,"6,743",59,18.256,40,-0.22184875,4.664641976,5.582923142
E02000219,Croydon 026,"7,637",13,15.9618,26,0.278753601,4.759667845,5.62073033
E02000220,Croydon 027,"10,966",73,21.2019,41.8,0.826074803,4.663700925,5.403602612
E02000221,Croydon 028,"10,682",38,19.0601,46.2,0.361727836,4.626340367,5.501053782
E02000222,Croydon 029,"8,170",44,17.1481,30.8,0.531478917,4.725094521,5.535130754
E02000223,Croydon 030,"8,398",87,20.1715,38.4,0.230448921,4.522444234,5.361402938
E02000224,Croydon 031,"8,028",63,17.8874,31.7,0.447158031,4.73479983,5.498187831
E02000225,Croydon 032,"7,612",47,18.773,22.3,0.041392685,4.599883072,5.420312285
E02000226,Croydon 033,"7,673",23,17.0338,23.1,0.146128036,4.78604121,5.629545168
E02000227,Croydon 034,"11,528",25,17.0021,20,0,4.681241237,5.444457024
E02000228,Croydon 035,"7,839",25,13.3435,20.5,0.278753601,4.825426118,5.696459489
E02000229,Croydon 036,"6,619",50,17.616,25.3,0.204119983,4.561101384,5.414448537
E02000230,Croydon 037,"10,477",40,16.2833,31.7,0.447158031,4.761175813,5.599250812
E02000231,Croydon 038,"7,701",23,16.2706,32.5,0.278753601,4.821513528,5.810754568
E02000232,Croydon 039,"6,315",14,14.9802,17,0.113943352,4.731588765,5.636648345
E02000233,Croydon 040,"6,297",40,15.5153,24.7,0.322219295,4.737987326,5.576587803
E02000234,Croydon 041,"8,537",27,15.4738,26.3,0.397940009,4.7355989,5.552961296
E02000235,Croydon 042,"7,145",13,15.0735,18.7,0.342422681,4.787460475,5.6230714
E02000236,Croydon 043,"7,853",22,14.1984,15.9,0.146128036,4.79518459,5.605904885
E02000237,Croydon 044,"7,674",16,13.2395,14,0.255272505,4.731588765,5.600357481
E02006788,Croydon 045,"7,660",55,17.7154,49.8,0.204119983,4.624282096,5.488281314
E02000238,Ealing 001,"9,723",64,17.474,52.3,0.397940009,4.682145076,5.507291732
E02000239,Ealing 002,"9,002",38,18.7292,58.4,0.342422681,4.725094521,5.575488051
E02000240,Ealing 003,"10,213",59,16.8413,52.8,0.342422681,4.643452676,5.477092301
E02000241,Ealing 004,"6,794",52,18.0159,48.8,0.414973348,4.681241237,5.528522058
E02000242,Ealing 005,"7,019",79,19.49,63.6,0.361727836,4.697229343,5.603794786
E02000243,Ealing 006,"8,646",30,17.5688,51,0.397940009,4.658011397,5.497063788
E02000244,Ealing 007,"7,440",41,16.0484,46.1,0.431363764,4.689308859,5.59778401
E02000245,Ealing 008,"8,673",52,17.9869,56.5,0.146128036,4.598790507,5.375934164
E02000246,Ealing 009,"8,801",43,18.407,54.5,0.255272505,4.648360011,5.490452928
E02000247,Ealing 010,"10,411",74,16.9724,57.8,0.447158031,4.669316881,5.431405583
E02000248,Ealing 011,"7,584",44,19.4884,47,0.505149978,4.688419822,5.691669293
E02000249,Ealing 012,"7,694",60,18.144,55,0.544068044,4.656098202,5.558366519
E02000250,Ealing 013,"6,406",64,12.7381,24.2,0.255272505,4.814247596,5.848826846
E02000251,Ealing 014,"7,730",82,18.3959,72.1,0.414973348,4.687528961,5.538900337
E02000252,Ealing 015,"10,772",34,29.6695,51.2,0.544068044,4.574031268,5.573548064
E02000253,Ealing 016,"9,324",81,15.9374,45.3,0.301029996,4.629409599,5.580409444
E02000254,Ealing 017,"8,695",84,18.4014,87.4,0.491361694,4.678518379,5.46457151
E02000255,Ealing 018,"9,165",59,16.7594,38.5,0.397940009,4.737987326,5.767225645
E02000256,Ealing 019,"8,809",80,19.1849,30.8,0.568201724,4.781036939,5.82859159
E02000257,Ealing 020,"13,763",63,20.3371,37.3,0.579783597,4.781755375,5.805005793
E02000258,Ealing 021,"7,027",68,21.3605,41.1,0.556302501,4.73239376,5.807867724
E02000259,Ealing 022,"6,136",48,16.2484,30.7,0.342422681,4.737192643,5.713826424
E02000260,Ealing 023,"9,161",84,17.5963,90.4,0.851258349,4.666517981,5.461504529
E02000261,Ealing 024,"11,795",90,24.5189,49.1,0.62324929,4.641474111,5.746487074
E02000262,Ealing 025,"9,227",131,20.0932,37.2,0.544068044,4.675778342,5.755727018
E02000263,Ealing 026,"12,152",98,17.8489,93.9,0.792391689,4.658964843,5.449657326
E02000264,Ealing 027,"8,305",58,22.5045,33.4,0.62324929,4.766412847,5.864961161
E02000265,Ealing 028,"10,835",107,17.8126,38.3,0.491361694,4.710963119,5.720655357
E02000266,Ealing 029,"11,640",30,19.8368,77.3,0.462397998,4.59439255,5.479488932
E02000267,Ealing 030,"7,273",96,15.1519,28.7,0.544068044,4.717670503,5.685507963
E02000268,Ealing 031,"8,990",68,17.931,26.9,0.380211242,4.765668555,5.804702219
E02000269,Ealing 032,"8,058",91,16.4061,23.4,0.462397998,4.816903839,5.844260907
E02000270,Ealing 033,"7,910",99,17.8508,52,0.397940009,4.633468456,5.677768415
E02000271,Ealing 034,"6,665",89,15.1238,17.2,0.602059991,4.840106094,5.999409392
E02000272,Ealing 035,"6,481",54,14.5194,25.9,0.301029996,4.786751422,5.808242716
E02000274,Ealing 037,"13,961",97,19.4972,91.6,0.792391689,4.635483747,5.41764106
E02000275,Ealing 038,"7,483",64,17.5999,83,0.672097858,4.660865478,5.697751403
E02000276,Ealing 039,"6,557",78,17.5995,24.4,0.505149978,4.810232518,5.730164299
E02006791,Ealing 040,"6,739",98,16.5455,24.3,0.662757832,4.80140371,5.848112724
E02000277,Enfield 001,"7,449",71,20.3651,35.1,0.342422681,4.651278014,5.441360451
E02000278,Enfield 002,"9,578",73,19.7014,39.1,0.278753601,4.618048097,5.435449373
E02000279,Enfield 003,"12,484",48,20.29,48.2,0.146128036,4.645422269,5.38110244
E02000280,Enfield 004,"8,562",6,15.1016,17.9,0.361727836,4.699837726,5.618634783
E02000281,Enfield 005,"8,976",47,17.5468,31.8,0.113943352,4.64738297,5.470013358
E02000282,Enfield 006,"9,494",75,19.2227,42.8,0.322219295,4.57054294,5.353450735
E02000283,Enfield 007,"8,652",76,20.7813,39.6,0.230448921,4.621176282,5.462036934
E02000284,Enfield 008,"8,509",66,15.9243,18.8,0.579783597,4.716837723,5.534555318
E02000285,Enfield 009,"6,551",67,15.8754,17.5,0.342422681,4.746634199,5.621393375
E02000286,Enfield 010,"8,514",42,14.1414,19.2,0.556302501,4.711807229,5.604578099
E02000287,Enfield 011,"6,922",8,17.3071,23.7,0.462397998,4.780317312,5.952744508
E02000288,Enfield 012,"10,771",51,20.1745,49.3,0.301029996,4.641474111,5.439436912
E02000289,Enfield 013,"6,591",19,15.6274,23,0.342422681,4.748188027,5.788653322
E02000290,Enfield 014,"7,014",14,20.0171,54.8,0.113943352,4.587710965,5.39854933
E02000291,Enfield 015,"9,774",84,17.9865,29.8,0.568201724,4.668385917,5.526278524
E02000292,Enfield 016,"9,875",53,18.8456,33.3,0.301029996,4.683047038,5.516207381
E02000293,Enfield 017,"6,479",30,14.9406,19.1,0.301029996,4.786751422,5.736755742
E02000294,Enfield 018,"9,297",62,19.9849,51,0.301029996,4.63447727,5.475188694
E02000295,Enfield 019,"8,828",54,16.0512,30.6,0.361727836,4.719331287,5.669501905
E02000296,Enfield 020,"10,096",56,19.374,31.5,0.477121255,4.654176542,5.579785882
E02000297,Enfield 021,"9,668",60,17.7389,24.9,0.342422681,4.725094521,5.625149817
E02000298,Enfield 022,"8,217",41,15.2732,19.3,0.301029996,4.791690649,5.855859432
E02000299,Enfield 023,"9,792",112,19.0768,59.3,0.113943352,4.631443769,5.4334626
E02000300,Enfield 024,"8,795",113,19.8749,57,0.380211242,4.613841822,5.423355663
E02000301,Enfield 025,"10,903",60,19.8202,58.2,0.113943352,4.552668216,5.382697685
E02000302,Enfield 026,"8,691",55,17.4318,35.4,0.079181246,4.691081492,5.659779333
E02000303,Enfield 027,"8,958",72,21.4445,55.3,0.278753601,4.583198774,5.416598906
E02000304,Enfield 028,"7,956",46,16.6164,26.4,0.176091259,4.773786445,5.814984339
E02000305,Enfield 029,"9,303",97,18.9939,27.4,0.462397998,4.73239376,5.67843825
E02000306,Enfield 030,"9,760",47,20.1025,62.2,0,4.550228353,5.345085412
E02000307,Enfield 031,"10,071",91,20.0675,48.4,0.113943352,4.670245853,5.505773828
E02000308,Enfield 032,"8,237",72,21.0999,40.6,0.176091259,4.661812686,5.680542185
E02000309,Enfield 033,"11,674",72,20.6956,61.3,0.255272505,4.571708832,5.407336508
E02000311,Enfield 035,"10,664",75,21.8305,43.9,0.146128036,4.608526034,5.544332263
E02000312,Enfield 036,"11,339",87,22.2947,34.5,0.342422681,4.716003344,5.58940332
E02006793,Enfield 037,"9,989",101,20.3524,58.9,0.146128036,4.542825427,5.362644551
E02000313,Greenwich 001,"7,289",100,18.3564,50.7,0,4.57863921,5.301205849
E02000314,Greenwich 002,"15,312",48,21.186,61.1,0.079181246,4.671172843,5.341487942
E02000315,Greenwich 003,"9,696",81,17.5949,47.7,0.146128036,4.547774705,5.374423878
E02000316,Greenwich 004,"12,809",68,23.9285,46.9,0.414973348,4.655138435,5.484240031
E02000317,Greenwich 005,"8,666",133,19.4669,51.7,0.414973348,4.564666064,5.490586277
E02000318,Greenwich 006,"10,729",97,21.2322,65,0.414973348,4.547774705,5.418644282
E02000319,Greenwich 007,"11,923",129,22.0666,58.4,0.342422681,4.605305046,5.420963529
E02000320,Greenwich 008,"7,238",50,19.3838,44.3,0.176091259,4.641474111,5.457454959
E02000321,Greenwich 009,"7,729",124,20.1578,49.8,0.255272505,4.540329475,5.379541188
E02000323,Greenwich 011,"11,151",146,21.2358,61,0.69019608,4.604226053,5.417918214
E02000324,Greenwich 012,"7,786",60,19.7791,39.9,0.278753601,4.630427875,5.571112286
E02000326,Greenwich 014,"7,376",101,17.218,32.4,0.414973348,4.748962861,5.631151435
E02000327,Greenwich 015,"6,924",37,25.0578,52.4,0.716003344,4.612783857,5.475817865
E02000328,Greenwich 016,"6,795",78,16.8801,18.4,0.73239376,4.781036939,5.808761765
E02000329,Greenwich 017,"6,347",36,17.5674,35.9,0.414973348,4.641474111,5.465718853
E02000331,Greenwich 019,"7,900",80,20.3038,35.3,0.447158031,4.675778342,5.48928473
E02000332,Greenwich 020,"7,630",38,16.7628,31.5,0.531478917,4.699837726,5.525024064
E02000333,Greenwich 021,"6,451",51,18.5708,15.4,0.612783857,4.826074803,5.76011324
E02000334,Greenwich 022,"6,436",46,17.6507,31.7,0.322219295,4.665580991,5.561246919
E02000335,Greenwich 023,"6,785",52,14.8268,11.6,0.176091259,4.73479983,5.543878154
E02000337,Greenwich 025,"8,214",59,18.3467,19.9,0.041392685,4.640481437,5.51235882
E02000339,Greenwich 027,"6,312",50,15.1933,11,0.431363764,4.720985744,5.646277243
E02000340,Greenwich 028,"6,307",19,18.2337,14.8,0.544068044,4.687528961,5.569492125
E02000341,Greenwich 029,"8,141",45,17.6637,23.5,0.204119983,4.607455023,5.490061068
E02000342,Greenwich 030,"6,607",49,31.5423,18.7,0.380211242,4.621176282,5.462833571
E02000343,Greenwich 031,"6,940",55,17.2334,19.9,0.041392685,4.664641976,5.542919991
E02000344,Greenwich 032,"6,600",51,17.5152,16.6,0,4.71432976,5.551617096
E02006786,Greenwich 033,"7,500",60,19.9333,41.7,0.447158031,4.600972896,5.409657588
E02006927,Greenwich 034,"9,566",38,16.3496,29.1,0.505149978,4.733197265,5.661483292
E02006928,Greenwich 035,"10,252",190,34.8322,41.4,0.579783597,4.678518379,5.681501736
E02006929,Greenwich 036,"8,434",33,26.6066,38,0.602059991,4.730782276,5.609714971
E02006930,Greenwich 037,"7,508",86,24.0543,22.1,0.462397998,4.759667845,5.656662514
E02006931,Greenwich 038,"9,450",47,22.5608,26.7,0.544068044,4.816903839,5.814436726
E02000345,Hackney 001,"9,543",156,20.2766,29.2,0.51851394,4.609594409,5.674845532
E02000346,Hackney 002,"6,678",115,21.2489,56.6,1.045322979,4.541579244,5.639483501
E02000347,Hackney 003,"8,644",126,20.8006,31.4,0.633468456,4.57863921,5.691510268
E02000348,Hackney 004,"8,758",157,19.0797,43.1,0.176091259,4.531478917,5.645078235
E02000350,Hackney 006,"10,225",180,22.1907,40.4,0.491361694,4.716003344,5.750205131
E02000351,Hackney 007,"9,189",176,29.3612,33.7,0.51851394,4.718501689,5.720738803
E02000352,Hackney 008,"7,266",95,17.8365,33.2,0.230448921,4.709269961,5.745581433
E02000353,Hackney 009,"8,219",147,22.0465,32.3,0.397940009,4.775974331,5.858424098
E02000354,Hackney 010,"10,487",132,22.0273,54.3,0.591064607,4.587710965,5.656573461
E02000355,Hackney 011,"9,011",137,21.9731,48.6,0.431363764,4.662757832,5.790942794
E02000356,Hackney 012,"7,595",188,19.3548,28.6,0.568201724,4.740362689,5.816414983
E02000357,Hackney 013,"6,727",44,18.6413,69.1,0.113943352,4.593286067,5.481952589
E02000358,Hackney 014,"11,733",190,22.5092,45.1,0.322219295,4.649334859,5.734568624
E02000359,Hackney 015,"6,856",157,22.6517,49.9,0.301029996,4.657055853,5.787371198
E02000360,Hackney 016,"11,869",217,21.1138,59.5,0.301029996,4.625312451,5.582705235
E02000361,Hackney 017,"8,417",142,26.0782,46.5,0.462397998,4.679427897,5.710668138
E02000362,Hackney 018,"7,161",55,22.5388,51.2,0.278753601,4.582063363,5.557936472
E02000363,Hackney 019,"11,735",197,20.1449,63,0.204119983,4.522444234,5.592747296
E02000364,Hackney 020,"9,748",147,22.0866,36.8,0.278753601,4.717670503,5.900120139
E02000365,Hackney 021,"14,714",152,27.0966,37.3,0.397940009,4.698100546,5.809373837
E02000366,Hackney 022,"9,063",141,21.4719,41.3,0.255272505,4.656098202,5.819990503
E02000367,Hackney 023,"11,071",150,23.6745,39.2,0.230448921,4.687528961,5.78973579
E02000368,Hackney 024,"10,178",160,24.0715,53.9,0.113943352,4.610660163,5.71333427
E02000369,Hackney 025,"13,462",207,23.5329,49.6,0.113943352,4.62838893,5.670669733
E02000370,Hackney 026,"8,904",182,26.4376,47.5,0.146128036,4.692846919,5.796213427
E02000371,Hackney 027,"14,293",143,40.2295,40.5,0.342422681,4.681241237,5.843537363
E02006918,Hackney 028,"8,985",173,19.6884,60.1,0.477121255,4.592176757,5.574715177
E02006921,Hackney 029,"8,478",187,19.297,50.4,0.380211242,4.563481085,5.652466818
E02000372,Hammersmith and Fulham 001,"9,500",28,24.5579,50,0.531478917,4.635483747,5.694078462
E02000373,Hammersmith and Fulham 002,"6,563",161,20.2042,62.6,-0.045757491,4.540329475,5.614659976
E02000374,Hammersmith and Fulham 003,"6,508",131,21.3122,38.7,0.477121255,4.63447727,5.829779627
E02000375,Hammersmith and Fulham 004,"6,779",91,22.2157,41.7,0.591064607,4.622214023,5.820522627
E02000376,Hammersmith and Fulham 005,"6,776",165,25.1919,39,0.602059991,4.653212514,5.834467119
E02000377,Hammersmith and Fulham 006,"7,963",179,21.2985,36.3,0.447158031,4.662757832,5.799813191
E02000378,Hammersmith and Fulham 007,"6,279",214,21.0702,30.6,0.431363764,4.729974286,5.853644074
E02000379,Hammersmith and Fulham 008,"7,691",113,16.8249,30.5,0.69019608,4.728353782,5.881994295
E02000380,Hammersmith and Fulham 009,"5,750",163,19.3565,26.6,0.643452676,4.790988475,6.006011828
E02000381,Hammersmith and Fulham 010,"7,648",138,19.3122,24.4,0.505149978,4.77524626,6.08941546
E02000382,Hammersmith and Fulham 011,"5,698",92,18.4275,31.2,0.531478917,4.764922985,5.928349245
E02000383,Hammersmith and Fulham 012,"9,041",150,27.4085,38.8,0.86332286,4.758154622,5.869501603
E02000384,Hammersmith and Fulham 013,"7,081",91,22.7369,36.3,0.602059991,4.673941999,5.878714198
E02000385,Hammersmith and Fulham 014,"5,904",148,30.3354,25.6,0.643452676,4.819543936,5.865164997
E02000386,Hammersmith and Fulham 015,"8,003",183,25.3905,42.4,0.591064607,4.650307523,5.841924187
E02000387,Hammersmith and Fulham 016,"6,017",147,27.2727,35.7,0.146128036,4.745074792,5.867133831
E02000388,Hammersmith and Fulham 017,"8,032",151,25.4607,26.2,0.716003344,4.748962861,6.093669583
E02000389,Hammersmith and Fulham 018,"8,051",128,23.6368,20.4,0.62324929,4.81756537,6.02082558
E02000390,Hammersmith and Fulham 019,"6,244",179,25.3203,24.3,0.653212514,4.776701184,5.993242188
E02000391,Hammersmith and Fulham 020,"7,781",117,19.2906,19.1,0.792391689,4.794488047,6.091537881
E02000392,Hammersmith and Fulham 021,"9,147",165,23.5378,23.1,0.716003344,4.836956737,5.992906818
E02000393,Hammersmith and Fulham 022,"5,796",163,21.256,15.9,0.568201724,4.928395852,5.957566106
E02000394,Hammersmith and Fulham 023,"8,465",129,23.5676,32.6,0.886490725,4.757396029,6.059675858
E02000395,Hammersmith and Fulham 024,"5,934",61,20.5932,13.9,0.819543936,4.843232778,6.145089762
E02000396,Hammersmith and Fulham 025,"6,759",108,19.0709,24.6,0.414973348,4.804139432,6.102423071
E02000397,Haringey 001,"8,481",150,19.6793,38.8,0.342422681,4.63748973,5.580060086
E02000398,Haringey 002,"7,626",64,19.7876,61.7,0.755874856,4.505149978,5.416878389
E02000400,Haringey 004,"8,278",62,19.6907,38.2,0.230448921,4.665580991,5.698902249
E02000401,Haringey 005,"7,143",96,20.4256,50.1,0.176091259,4.557507202,5.511884697
E02000402,Haringey 006,"6,779",71,20.2095,54.9,0.301029996,4.564666064,5.404681516
E02000403,Haringey 007,"8,008",94,23.1394,37.6,0.342422681,4.683947131,5.643696405
E02000404,Haringey 008,"8,026",125,22.6015,48.7,0.301029996,4.629409599,5.545371452
E02000405,Haringey 009,"6,690",38,13.8117,19.1,0.204119983,4.832508913,5.844790823
E02000406,Haringey 010,"7,504",164,23.3475,44.4,0.204119983,4.614897216,5.627464176
E02000407,Haringey 011,"7,855",150,20.7893,58.4,0.740362689,4.592176757,5.515119794
E02000408,Haringey 012,"8,521",164,23.9995,57.2,0.477121255,4.596597096,5.487623326
E02000409,Haringey 013,"6,395",92,22.2987,54.4,0.255272505,4.537819095,5.539727052
E02000410,Haringey 014,"6,679",89,17.0235,17.6,0.477121255,4.80685803,5.868881208
E02000411,Haringey 015,"10,015",72,29.2561,57.6,0.447158031,4.582063363,5.474373631
E02000412,Haringey 016,"7,723",100,24.9773,45.9,0.361727836,4.562292864,5.568063197
E02000413,Haringey 017,"7,697",63,15.2917,20.7,0.414973348,4.749736316,5.898813457
E02000414,Haringey 018,"7,625",186,20.6295,53.3,0.991226076,4.638489257,5.608211431
E02000415,Haringey 019,"7,315",104,21.7772,41.4,0.740362689,4.649334859,5.633585598
E02000416,Haringey 020,"7,897",126,19.5264,33.9,0.431363764,4.67669361,5.668737124
E02000417,Haringey 021,"6,544",62,16.03,16.8,0.544068044,4.810904281,5.905604317
E02000418,Haringey 022,"5,855",82,12.5192,15.8,0.255272505,4.811575006,5.911308919
E02000419,Haringey 023,"9,085",142,26.142,36.1,0.875061263,4.641474111,5.711083927
E02000420,Haringey 024,"8,209",142,20.7212,49.4,0.579783597,4.607455023,5.595633984
E02000421,Haringey 025,"7,715",98,23.8885,56.4,0.505149978,4.546542663,5.507378155
E02000422,Haringey 026,"8,418",155,22.1787,52,0.322219295,4.541579244,5.58411968
E02000423,Haringey 027,"7,499",135,27.5103,38.4,0.531478917,4.681241237,5.64602809
E02000424,Haringey 028,"7,412",111,20.1565,26.7,0.602059991,4.733197265,5.797735523
E02000425,Haringey 029,"7,906",146,16.81,34.6,0.875061263,4.58546073,5.705748284
E02000426,Haringey 030,"6,565",29,14.425,22.1,0.653212514,4.794488047,6.212665598
E02000427,Haringey 031,"7,214",67,25.8525,33.6,1.012837225,4.788875116,5.747470072
E02000428,Haringey 032,"8,067",135,26.2799,48.6,0.643452676,4.598790507,5.617463761
E02000429,Haringey 033,"7,150",73,14.3217,17.3,0.491361694,4.841984805,5.882732244
E02000430,Haringey 034,"7,742",117,19.5428,20.7,0.568201724,4.782472624,5.816795914
E02000431,Haringey 035,"6,274",103,19.8916,17.1,0.568201724,4.846337112,5.944340516
E02000432,Haringey 036,"6,624",124,21.9505,27.5,0.934498451,4.723455672,5.754885519
E02006794,Haringey 037,"8,328",120,19.3684,60.1,0.591064607,4.517195898,5.408229786
E02000433,Harrow 001,"8,086",13,13.8387,39.8,0.653212514,4.716837723,5.927486365
E02000434,Harrow 002,"9,287",47,17.5406,50.5,0.662757832,4.715167358,5.650486256
E02000435,Harrow 003,"7,842",43,17.2277,47,0.579783597,4.710963119,5.771605117
E02000436,Harrow 004,"5,688",12,14.3284,43.4,0.397940009,4.79518459,5.824373838
E02000437,Harrow 005,"8,666",62,16.5705,48.2,0.462397998,4.702430536,5.643428
E02000438,Harrow 006,"8,059",46,16.4537,45.4,0.491361694,4.677606953,5.660983992
E02000439,Harrow 007,"8,671",81,19.7555,61.9,0.397940009,4.682145076,5.530600499
E02000440,Harrow 008,"9,641",64,17.5708,57.7,0.322219295,4.773054693,5.726507154
E02000441,Harrow 009,"7,021",30,14.6275,44.6,0.361727836,4.72916479,5.717846847
E02000442,Harrow 010,"9,197",81,21.2678,74.4,0.255272505,4.73239376,5.598015305
E02000443,Harrow 011,"9,826",100,19.7232,63.1,0.579783597,4.656098202,5.508536452
E02000444,Harrow 012,"8,721",80,17.7273,72.5,0.301029996,4.719331287,5.626148332
E02000445,Harrow 013,"10,913",87,19.2798,63.2,0.447158031,4.660865478,5.496122549
E02000447,Harrow 015,"6,931",33,16.419,53.3,0.322219295,4.758911892,5.653420925
E02000448,Harrow 016,"6,900",40,12.2029,30.3,0.361727836,4.798650645,5.808470931
E02000449,Harrow 017,"8,396",91,20.1882,73.3,0.079181246,4.674861141,5.613180896
E02000451,Harrow 019,"6,721",42,15.8607,53.6,0.301029996,4.793790385,5.696208686
E02000452,Harrow 020,"8,540",76,18.6534,58.5,0.397940009,4.695481676,5.504125464
E02000453,Harrow 021,"8,152",79,17.8116,56.9,0.579783597,4.737192643,5.592977963
E02000454,Harrow 022,"7,015",45,12.9437,42.8,0.255272505,4.823474229,5.786615861
E02000455,Harrow 023,"8,715",71,19.9082,59.6,0.491361694,4.72916479,5.537769998
E02000456,Harrow 024,"7,225",78,18.2007,53.9,0.51851394,4.743509765,5.595606435
E02000457,Harrow 025,"6,542",56,16.0349,57.3,0.477121255,4.759667845,5.643472417
E02000459,Harrow 027,"8,783",73,18.3195,65,0.477121255,4.691081492,5.498007131
E02000460,Harrow 028,"6,712",78,19.3087,69,0.255272505,4.686636269,5.531034176
E02000461,Harrow 029,"7,245",27,24.1822,44.1,0.707570176,4.757396029,5.639549238
E02000462,Harrow 030,"6,850",69,18.0876,67.5,0.544068044,4.691965103,5.526250083
E02000463,Harrow 031,"8,285",89,18.1171,62.9,0.278753601,4.675778342,5.55309014
E02006795,Harrow 032,"8,139",84,16.2551,69.5,0.301029996,4.73479983,5.609431118
E02006882,Harrow 033,"14,361",67,18.7452,72.9,0.146128036,4.73239376,5.659976066
E02000464,Havering 001,"7,119",12,18.1205,11,0.414973348,4.589949601,5.434263833
E02000465,Havering 002,"8,578",31,17.7897,11.4,0.380211242,4.635483747,5.415952746
E02000466,Havering 003,"8,634",14,18.8789,12.4,0.146128036,4.640481437,5.449577126
E02000467,Havering 004,"10,467",77,19.5567,17,0.322219295,4.565847819,5.345203116
E02000468,Havering 005,"8,083",20,17.4069,11.2,0.278753601,4.660865478,5.460379085
E02000469,Havering 006,"6,939",40,16.9765,17,0.079181246,4.584331224,5.375312379
E02000470,Havering 007,"8,582",13,16.756,9.1,0.397940009,4.725094521,5.469375715
E02000471,Havering 008,"7,521",35,15.1576,7.6,0.230448921,4.73479983,5.582959449
E02000472,Havering 009,"9,064",59,16.2621,10.8,0.342422681,4.689308859,5.433286482
E02000473,Havering 010,"10,028",35,17.9896,11.2,0.230448921,4.703291378,5.498092663
E02000474,Havering 011,"8,894",40,18.0121,13.2,0.230448921,4.657055853,5.414844711
E02000475,Havering 012,"9,536",34,17.9111,11.1,0.414973348,4.725911632,5.608669349
E02000476,Havering 013,"9,329",60,21.0741,20.6,0.505149978,4.63748973,5.381829589
E02000477,Havering 014,"9,451",54,16.7919,8.9,0.301029996,4.748188027,5.548696449
E02000478,Havering 015,"5,956",24,17.8308,25.1,0.342422681,4.780317312,5.849311287
E02000479,Havering 016,"8,995",65,19.9111,15.4,0.361727836,4.651278014,5.439779393
E02000480,Havering 017,"11,448",34,20.2743,24.6,0.380211242,4.661812686,5.364751681
E02000481,Havering 018,"8,041",7,15.707,4.7,0.342422681,4.7084209,5.538583787
E02000482,Havering 019,"6,482",23,13.5452,5.9,0.278753601,4.828659897,5.713514063
E02000483,Havering 020,"7,893",49,17.4585,6.5,0.447158031,4.668385917,5.451012303
E02000484,Havering 021,"8,500",46,19.1412,9.8,0.255272505,4.720985744,5.480939243
E02000485,Havering 022,"8,239",39,16.786,7.7,0.342422681,4.712649702,5.478578038
E02000486,Havering 023,"7,513",59,16.944,8.9,0.278753601,4.702430536,5.464282336
E02000487,Havering 024,"7,788",6,13.9188,3.8,0.278753601,4.910090546,5.738639469
E02000488,Havering 025,"7,450",41,16.6309,6.8,0.079181246,4.761927838,5.499926154
E02000489,Havering 026,"8,319",32,17.9108,15.3,0.146128036,4.667452953,5.427799221
E02000490,Havering 027,"7,995",39,16.8981,12.5,0.255272505,4.64738297,5.413351742
E02000491,Havering 028,"9,277",19,17.247,18.2,0.51851394,4.600972896,5.414050327
E02000492,Havering 029,"6,456",5,16.899,9.1,0.255272505,4.685741739,5.450907751
E02000493,Havering 030,"6,508",50,18.8537,22.3,0.301029996,4.620136055,5.356505803
E02000494,Hillingdon 001,"7,436",12,12.2647,39.8,0.792391689,4.755112266,5.937435137
E02000495,Hillingdon 002,"10,271",38,15.4707,31.4,0.755874856,4.698970004,5.627493873
E02000496,Hillingdon 003,"7,555",5,15.2747,12.5,0.602059991,4.707570176,5.546484671
E02000497,Hillingdon 004,"9,324",35,14.9828,26.9,0.531478917,4.749736316,5.660087223
E02000498,Hillingdon 005,"6,090",19,13.8916,14,0.462397998,4.745074792,5.618342062
E02000499,Hillingdon 006,"7,842",49,13.8485,23.1,0.361727836,4.786751422,5.661488973
E02000500,Hillingdon 007,"8,226",28,16.302,18.3,0.602059991,4.803457116,5.732060673
E02000501,Hillingdon 008,"8,435",59,14.2383,18.8,0.361727836,4.753583059,5.639963354
E02000502,Hillingdon 009,"8,352",20,15.9483,21.3,0.633468456,4.748962861,5.59632984
E02000503,Hillingdon 010,"9,208",67,17.5391,16.8,0.462397998,4.792391689,5.597927625
E02000504,Hillingdon 011,"7,498",24,13.2702,17.6,0.51851394,4.803457116,5.734377327
E02000506,Hillingdon 013,"7,918",14,15.7742,32.1,0.579783597,4.749736316,5.784112105
E02000507,Hillingdon 014,"8,199",31,18.5632,31.3,0.361727836,4.745074792,5.538927962
E02000508,Hillingdon 015,"11,320",41,46.3869,35.2,0.908485019,4.720985744,5.539013335
E02000509,Hillingdon 016,"12,223",61,47.8688,42.3,0.681241237,4.728353782,5.489470503
E02000510,Hillingdon 017,"8,907",42,20.6355,35.7,0.431363764,4.731588765,5.548849882
E02000511,Hillingdon 018,"9,975",42,19.6792,42.3,0.431363764,4.710117365,5.481888161
E02000512,Hillingdon 019,"8,354",59,21.4149,40.7,0.447158031,4.677606953,5.462210762
E02000513,Hillingdon 020,"9,894",67,19.0317,56,0.505149978,4.635483747,5.422845811
E02000514,Hillingdon 021,"10,388",87,18.5503,71.3,0.531478917,4.695481676,5.484218669
E02000515,Hillingdon 022,"11,544",37,24.5322,30.4,0.755874856,4.686636269,5.416119374
E02000516,Hillingdon 023,"8,978",54,18.2557,67.1,0.568201724,4.67669361,5.465280215
E02000517,Hillingdon 024,"9,847",64,18.696,56.2,0.301029996,4.682145076,5.455858554
E02000518,Hillingdon 025,"8,819",35,20.4672,32.2,0.113943352,4.683947131,5.485338056
E02000519,Hillingdon 026,"9,199",51,19.7739,63,0.255272505,4.687528961,5.46935803
E02000520,Hillingdon 027,"13,124",30,19.9253,63.4,0.447158031,4.668385917,5.460294822
E02000521,Hillingdon 028,"12,035",49,20.3157,48.4,0.544068044,4.693726949,5.479075519
E02000522,Hillingdon 029,"9,298",59,18.4878,33.7,0.568201724,4.699837726,5.501976203
E02000523,Hillingdon 030,"11,141",68,19.8456,72.2,0.431363764,4.689308859,5.462541741
E02000524,Hillingdon 031,"7,590",4,19.8155,40,0.838849091,4.687528961,5.406773445
E02000525,Hillingdon 032,"9,819",24,18.2401,61.6,0.414973348,4.687528961,5.376012738
E02006796,Hillingdon 033,"8,926",21,16.7376,27.9,0.414973348,4.718501689,5.539570361
E02000526,Hounslow 001,"8,487",92,17.0143,16.7,0.62324929,4.88592634,6.112333147
E02000528,Hounslow 003,"11,662",50,18.6846,37.3,0.556302501,4.69019608,5.696489191
E02000529,Hounslow 004,"8,834",75,20.3532,77.4,0.041392685,4.667452953,5.448846941
E02000530,Hounslow 005,"7,170",26,19.8605,73.1,-0.22184875,4.620136055,5.384294261
E02000531,Hounslow 006,"10,295",40,23.8854,28.3,0.397940009,4.712649702,5.660335087
E02000532,Hounslow 007,"9,151",40,15.3863,21.6,0.612783857,4.783903579,6.008884073
E02000533,Hounslow 008,"8,452",79,15.4046,18.7,0.531478917,4.804820679,5.897240452
E02000534,Hounslow 009,"8,251",17,19.2462,52.8,0.361727836,4.770852012,5.630589561
E02000535,Hounslow 010,"9,449",61,20.1397,79.9,0.255272505,4.704150517,5.531122394
E02000536,Hounslow 011,"9,629",60,20.7187,76.6,0.113943352,4.691965103,5.536904225
E02000537,Hounslow 012,"9,339",49,19.7666,72.3,0.361727836,4.723455672,5.622166341
E02000538,Hounslow 013,"9,649",41,21.6603,78.1,0.301029996,4.665580991,5.463017549
E02000539,Hounslow 014,"11,205",68,16.805,35.3,0.361727836,4.725911632,5.578202404
E02000540,Hounslow 015,"10,431",83,19.6625,54.5,0.230448921,4.697229343,5.501513869
E02000541,Hounslow 016,"9,499",90,20.2969,73.8,0.230448921,4.660865478,5.483881006
E02000542,Hounslow 017,"11,325",108,19.3731,72.6,0.380211242,4.677606953,5.468601333
E02000543,Hounslow 018,"13,334",116,19.019,65.8,0.462397998,4.707570176,5.472692105
E02000544,Hounslow 019,"8,368",60,19.3117,48.8,0.146128036,4.722633923,5.602761895
E02000545,Hounslow 020,"8,581",65,17.3756,36.5,0.255272505,4.673941999,5.607325252
E02000546,Hounslow 021,"9,897",40,19.7333,75.5,0.176091259,4.680335513,5.457713897
E02000547,Hounslow 022,"9,975",31,18.406,39.8,0.380211242,4.673020907,5.42718414
E02000548,Hounslow 023,"9,740",28,19.5175,32.7,0.612783857,4.673020907,5.406207946
E02000549,Hounslow 024,"11,497",47,18.3091,37.3,0.255272505,4.674861141,5.461467012
E02000550,Hounslow 025,"10,851",115,18.7817,38.6,0.204119983,4.680335513,5.405781632
E02000551,Hounslow 026,"9,032",42,19.5859,36.2,0.255272505,4.620136055,5.39985536
E02000552,Hounslow 027,"8,906",29,21.9403,28.2,0.146128036,4.717670503,5.403756905
E02000553,Hounslow 028,"6,907",27,18.3582,26.3,0.278753601,4.671172843,5.500849599
E02006792,Hounslow 029,"8,854",61,19.2681,24.3,0.69019608,4.787460475,5.907605352
E02000554,Islington 001,"9,793",154,22.4752,39.4,0.462397998,4.589949601,5.743595988
E02000555,Islington 002,"9,714",163,24.8198,31.9,0.477121255,4.685741739,5.743367851
E02000556,Islington 003,"10,570",162,25.9792,33.8,0.544068044,4.707570176,5.726156466
E02000557,Islington 004,"8,510",120,23.6193,31.4,0.556302501,4.694605199,5.762462488
E02000558,Islington 005,"9,985",208,25.979,51.9,0.491361694,4.592176757,5.635800304
E02000559,Islington 006,"9,899",172,25.2147,27.4,0.653212514,4.775974331,5.860639213
E02000560,Islington 007,"7,978",159,34.2316,31.8,0.568201724,4.674861141,5.730838779
E02000561,Islington 008,"8,212",134,26.3517,21.5,0.653212514,4.807535028,5.903627636
E02000562,Islington 009,"8,827",136,21.7401,29.5,0.397940009,4.754348336,5.913969535
E02000563,Islington 010,"8,934",154,27.6808,34.2,0.579783597,4.633468456,5.754018667
E02000564,Islington 011,"11,922",148,31.4628,33.4,0.763427994,4.721810615,5.708980618
E02000565,Islington 012,"8,805",172,25.8262,37.8,0.447158031,4.670245853,5.857074859
E02000566,Islington 013,"9,015",129,24.6811,22.7,0.73239376,4.828015064,6.027698534
E02000567,Islington 014,"11,556",174,24.2125,27.6,0.579783597,4.77524626,5.872408032
E02000568,Islington 015,"11,795",131,37.2531,38,0.579783597,4.621176282,5.693661888
E02000569,Islington 016,"10,857",155,24.1779,27.6,0.662757832,4.706717782,6.006658116
E02000570,Islington 017,"9,613",160,25.3407,18.7,0.84509804,4.858537198,5.982969162
E02000571,Islington 018,"8,984",180,26.0686,28.5,0.342422681,4.720985744,5.891820577
E02000572,Islington 019,"9,617",210,37.1634,44.4,0.431363764,4.58546073,5.778504333
E02000573,Islington 020,"9,392",130,26.9591,20.5,0.785329835,4.829946696,6.015793414
E02000574,Islington 021,"8,601",141,29.7058,31,0.913813852,4.741151599,5.944922666
E02000575,Islington 022,"13,950",150,39.5341,30.9,1.004321374,4.783903579,5.900579035
E02000576,Islington 023,"11,163",148,32.7331,35.8,0.832508913,4.743509765,5.810858634
E02000577,Kensington and Chelsea 001,"6,974",80,18.1388,56.2,-0.045757491,4.559906625,5.79037314
E02000578,Kensington and Chelsea 002,"5,862",114,16.4449,44.5,0.278753601,4.609594409,5.807323241
E02000579,Kensington and Chelsea 003,"8,270",135,16.0701,31.1,0.591064607,4.748962861,6.025611812
E02000580,Kensington and Chelsea 004,"8,146",206,17.7756,36.8,0.748188027,4.669316881,5.949960071
E02000581,Kensington and Chelsea 005,"7,073",164,16.4004,46,0.255272505,4.618048097,6.067187322
E02000582,Kensington and Chelsea 006,"7,148",146,17.9071,22.1,1.029383778,4.821513528,6.221836068
E02000583,Kensington and Chelsea 007,"6,847",119,14.9555,20.2,0.959041392,4.866877814,6.318490112
E02000584,Kensington and Chelsea 008,"7,781",85,13.8414,21.4,1.139879086,4.8876173,6.385598767
E02000585,Kensington and Chelsea 009,"8,109",89,15.2423,32.6,0.995635195,4.818225894,6.315716408
E02000586,Kensington and Chelsea 010,"7,557",144,18.8038,27,1.176091259,4.959518377,6.516691216
E02000587,Kensington and Chelsea 011,"7,314",140,15.6686,26.2,1.041392685,4.918554531,6.350833146
E02000588,Kensington and Chelsea 012,"8,033",105,17.6895,20.7,1.408239965,4.88592634,6.505973542
E02000589,Kensington and Chelsea 013,"8,624",232,26.5422,35.2,0.929418926,4.798650645,6.142607185
E02000590,Kensington and Chelsea 014,"7,271",158,19.4471,28.8,1.31386722,4.707570176,6.212805302
E02000591,Kensington and Chelsea 015,"6,663",185,21.3417,40.5,0.826074803,4.720985744,6.155410742
E02000592,Kensington and Chelsea 016,"6,982",123,19.2781,20.7,1.093421685,4.912222057,6.337073516
E02000593,Kensington and Chelsea 017,"7,989",160,20.3405,24.9,0.903089987,4.868644438,6.105278499
E02000594,Kensington and Chelsea 018,"7,801",101,11.8318,15.4,1.037426498,4.8162413,6.496276748
E02000595,Kensington and Chelsea 019,"7,623",120,16.3584,17.1,1.021189299,4.862727528,6.426275344
E02000596,Kensington and Chelsea 020,"8,341",152,24.0019,18,1.008600172,4.898176483,6.218752336
E02000597,Kensington and Chelsea 021,"7,303",185,17.2943,36.1,0.806179974,4.655138435,5.978913768
E02000598,Kingston upon Thames 001,"8,172",61,11.6251,17.8,0.431363764,4.837588438,5.82598599
E02000599,Kingston upon Thames 002,"8,066",19,24.2003,36.3,0.698970004,4.890979597,6.164447141
E02000600,Kingston upon Thames 003,"9,175",83,23.3025,28.1,0.544068044,4.776701184,5.662032143
E02000601,Kingston upon Thames 004,"12,424",116,18.7299,21.2,0.653212514,4.828015064,5.778421153
E02000602,Kingston upon Thames 005,"10,721",99,31.2378,28.6,0.414973348,4.699837726,5.629678656
E02000603,Kingston upon Thames 006,"8,235",62,19.235,36.4,0.556302501,4.705007959,5.631083399
E02000604,Kingston upon Thames 007,"9,083",59,15.7327,36.4,0.342422681,4.772321707,5.682807299
E02000605,Kingston upon Thames 008,"8,428",59,13.8942,30.6,0.505149978,4.773054693,5.681468278
E02000606,Kingston upon Thames 009,"9,934",66,21.6026,23.4,0.662757832,4.770115295,5.680706183
E02000607,Kingston upon Thames 010,"7,969",55,35.8389,17,0.342422681,4.794488047,5.726726394
E02000608,Kingston upon Thames 011,"9,160",112,38.7555,22,0.62324929,4.796574333,5.627144556
E02000609,Kingston upon Thames 012,"7,710",52,14.7211,40.7,0.322219295,4.715167358,5.69858418
E02000610,Kingston upon Thames 013,"8,369",75,22.428,20.5,0.643452676,4.795880017,5.676399104
E02000611,Kingston upon Thames 014,"7,593",42,12.6696,22.3,0.176091259,4.843855423,5.753603739
E02000612,Kingston upon Thames 015,"8,334",44,13.5229,27.2,0.431363764,4.770115295,5.666949253
E02000613,Kingston upon Thames 016,"8,281",69,14.2495,19.1,0.477121255,4.771587481,5.719567433
E02000614,Kingston upon Thames 017,"8,924",30,17.9852,35.3,0.477121255,4.709269961,5.481763572
E02000615,Kingston upon Thames 018,"7,863",48,14.6,16.8,0.322219295,4.738780558,5.528743205
E02000616,Kingston upon Thames 019,"6,131",47,14.9894,11.6,0.176091259,4.733197265,5.506251958
E02000617,Kingston upon Thames 020,"8,953",13,16.1398,15.4,0.230448921,4.717670503,5.545018728
E02000619,Lambeth 002,"8,703",159,22.475,47.3,0.72427587,4.668385917,5.755161112
E02000620,Lambeth 003,"10,258",141,26.4866,41.1,0.681241237,4.720985744,5.777574704
E02000621,Lambeth 004,"11,089",152,27.4506,37.3,0.770852012,4.668385917,5.94716159
E02000622,Lambeth 005,"9,015",116,30.66,39.7,0.568201724,4.749736316,5.810651148
E02000623,Lambeth 006,"8,270",180,21.9468,46.7,0.255272505,4.651278014,5.702473619
E02000624,Lambeth 007,"8,613",150,29.6761,51.6,0.51851394,4.686636269,5.640459573
E02000625,Lambeth 008,"8,476",153,26.6635,50.9,0.176091259,4.650307523,5.645321053
E02000626,Lambeth 009,"8,664",156,22.7262,64.7,0.322219295,4.591064607,5.63577318
E02000627,Lambeth 010,"9,953",189,33.6381,43.4,0.342422681,4.716837723,5.728359464
E02000628,Lambeth 011,"9,728",148,25.4112,60.8,0.342422681,4.574031268,5.606349114
E02000629,Lambeth 012,"9,272",144,33.6497,29.4,0.278753601,4.782472624,5.858881729
E02000630,Lambeth 013,"7,962",117,31.06,25.7,0.491361694,4.822821645,5.966428507
E02000631,Lambeth 014,"9,744",91,22.1778,37.3,0.51851394,4.745074792,5.806954228
E02000632,Lambeth 015,"9,066",172,40.7126,29.7,0.278753601,4.761175813,5.757596426
E02000633,Lambeth 016,"9,150",145,27.4098,50,0.301029996,4.644438589,5.730359076
E02000634,Lambeth 017,"6,665",128,31.4179,39.3,0.230448921,4.667452953,5.743952457
E02000635,Lambeth 018,"9,591",77,25.5761,46,0.301029996,4.693726949,5.780174685
E02000636,Lambeth 019,"8,034",87,26.7986,18.3,0.342422681,4.893761762,5.968467071
E02000637,Lambeth 020,"9,208",158,28.3992,36.8,0.414973348,4.689308859,5.735829557
E02000638,Lambeth 021,"10,955",160,27.7134,46.6,0.380211242,4.684845362,5.640230925
E02000639,Lambeth 022,"8,463",145,23.2187,55.7,0.146128036,4.5774918,5.558721767
E02000640,Lambeth 023,"9,774",119,25.7111,28.4,0.204119983,4.820201459,5.75612774
E02000641,Lambeth 024,"9,115",149,22.1284,61.7,0.230448921,4.635483747,5.562100066
E02000642,Lambeth 025,"9,859",91,18.6124,37.9,0.230448921,4.702430536,5.710630934
E02000643,Lambeth 026,"9,369",134,22.6812,37.5,0.301029996,4.717670503,5.660537263
E02000644,Lambeth 027,"9,123",101,20.0153,40.9,0.505149978,4.694605199,5.637059224
E02000645,Lambeth 028,"9,703",86,18.6128,38.5,0.612783857,4.720985744,5.687444234
E02000646,Lambeth 029,"10,338",109,23.7377,36.1,0.491361694,4.739572344,5.649258899
E02000647,Lambeth 030,"9,200",95,17.7609,41.5,0.51851394,4.706717782,5.675433701
E02000648,Lambeth 031,"8,391",119,15.898,55.5,0.322219295,4.5774918,5.564200753
E02000649,Lambeth 032,"13,405",129,23.0884,39.9,0.886490725,4.7084209,5.608750611
E02000650,Lambeth 033,"7,781",101,15.8591,43.9,0.414973348,4.671172843,5.642257711
E02000651,Lambeth 034,"9,320",83,20.8262,45.2,0.698970004,4.678518379,5.656908512
E02000652,Lambeth 035,"8,102",118,18.1807,59.6,0.301029996,4.658011397,5.595542515
E02006801,Lambeth 036,"10,072",88,41.809,40.2,0.897627091,4.750508395,5.864967681
E02000653,Lewisham 001,"10,053",149,29.5036,56.2,0.380211242,4.636487896,5.577610123
E02000654,Lewisham 002,"8,708",92,23.7942,66,0.322219295,4.587710965,5.501474178
E02000655,Lewisham 003,"8,954",92,26.9042,57.3,0.414973348,4.629409599,5.503238956
E02000657,Lewisham 005,"9,943",114,34.2653,47.1,0.301029996,4.615950052,5.599381926
E02000658,Lewisham 006,"8,720",113,26.2729,43.9,0.431363764,4.669316881,5.631138235
E02000659,Lewisham 007,"8,129",79,20.1501,36.1,0.380211242,4.711807229,5.750796029
E02000660,Lewisham 008,"8,604",106,24.8489,38.6,0.342422681,4.680335513,5.620834322
E02000661,Lewisham 009,"6,862",53,17.5022,23.1,0.322219295,4.773786445,5.774206645
E02000662,Lewisham 010,"8,902",116,20.8043,55.1,0.301029996,4.656098202,5.632851926
E02000663,Lewisham 011,"7,440",113,24.9462,45.9,0.361727836,4.716837723,5.646706548
E02000664,Lewisham 012,"11,847",84,25.5592,53.2,0.568201724,4.597695186,5.504790179
E02000665,Lewisham 013,"8,799",110,19.6727,33.6,0.462397998,4.706717782,5.675812241
E02000666,Lewisham 014,"7,428",78,20.9882,44.8,0.146128036,4.701567985,5.662125757
E02000667,Lewisham 015,"6,992",96,16.8335,41.9,0.342422681,4.733999287,5.683473015
E02000668,Lewisham 016,"7,300",72,14.9726,33.8,0.301029996,4.721810615,5.669026634
E02000669,Lewisham 017,"8,009",125,20.04,49.4,0.176091259,4.697229343,5.549474106
E02000670,Lewisham 018,"6,746",108,17.7142,61.7,0.230448921,4.582063363,5.467624382
E02000671,Lewisham 019,"8,776",88,16.6591,37.8,0.380211242,4.704150517,5.651278014
E02000672,Lewisham 020,"8,980",77,19.5768,57.1,0.301029996,4.609594409,5.518478405
E02000673,Lewisham 021,"8,443",80,15.9422,34.2,0.301029996,4.748188027,5.677413484
E02000674,Lewisham 022,"8,406",103,17.4875,55.7,0.041392685,4.689308859,5.596612488
E02000675,Lewisham 023,"8,817",62,16.7858,36.1,0.361727836,4.687528961,5.541330826
E02000676,Lewisham 024,"8,067",108,16.9704,41.2,0.431363764,4.716003344,5.660583759
E02000677,Lewisham 025,"7,550",72,19.0993,56.6,0.301029996,4.693726949,5.588345671
E02000678,Lewisham 026,"6,551",63,17.4172,48,0.380211242,4.614897216,5.426740547
E02000679,Lewisham 027,"8,413",90,18.7448,43.7,0.255272505,4.648360011,5.58177677
E02000680,Lewisham 028,"7,609",99,18.4913,43,0.431363764,4.646403726,5.644949397
E02000681,Lewisham 029,"8,645",64,15.8357,50,0.041392685,4.57634135,5.510689751
E02000682,Lewisham 030,"9,016",76,19.1105,52.3,0.278753601,4.588831726,5.500193922
E02000683,Lewisham 031,"6,355",66,19.1503,39.3,0.342422681,4.584331224,5.402510708
E02000685,Lewisham 033,"8,402",87,16.4723,42.9,0.414973348,4.655138435,5.588971618
E02000686,Lewisham 034,"7,369",43,17.3836,52.9,0.113943352,4.562292864,5.383413188
E02000687,Lewisham 035,"8,608",111,18.5177,40.6,0.414973348,4.679427897,5.622727824
E02006783,Lewisham 037,"7,755",83,16.5313,41.1,0.146128036,4.561101384,5.409329423
E02006784,Lewisham 038,"8,188",57,16.744,42.2,0.176091259,4.564666064,5.49302005
E02006798,Lewisham 039,"7,939",97,25.6204,62.4,0.230448921,4.607455023,5.423257346
E02000689,Merton 001,"8,133",42,15.7629,19.9,0.505149978,4.873320602,5.882832362
E02000690,Merton 002,"5,441",10,10.4576,16.8,0.755874856,4.883661435,6.346674859
E02000691,Merton 003,"7,420",80,19.1644,21.3,0.51851394,4.845718018,5.911739653
E02000692,Merton 004,"7,548",66,15.726,20,0.806179974,4.888740961,5.973105676
E02000693,Merton 005,"9,292",89,22.7077,34.6,0.342422681,4.765668555,5.596712526
E02000694,Merton 006,"9,004",116,18.6362,23.1,0.431363764,4.855519156,5.803220784
E02000695,Merton 007,"8,353",104,18.7956,60.1,0.662757832,4.699837726,5.653878886
E02000696,Merton 008,"8,255",111,21.5142,46.6,0.491361694,4.685741739,5.511554509
E02000697,Merton 009,"8,374",72,20.289,22.4,0.431363764,4.866287339,5.786856435
E02000698,Merton 010,"7,858",45,10.8679,17.8,0.556302501,4.848189117,6.045435646
E02000699,Merton 011,"7,879",85,14.9384,17.8,0.414973348,4.848189117,5.777157027
E02000700,Merton 012,"8,509",92,19.2972,43,0.204119983,4.64738297,5.473552657
E02000701,Merton 013,"8,537",89,18.2617,58.2,0.431363764,4.683047038,5.491176729
E02000702,Merton 014,"8,591",55,17.658,52.5,0.556302501,4.615950052,5.45715949
E02000703,Merton 015,"7,795",53,15.7793,27.8,0.531478917,4.804820679,5.795600589
E02000704,Merton 016,"8,087",48,17.7569,23.9,0.397940009,4.733197265,5.696363379
E02000705,Merton 017,"8,778",71,18.3071,59.2,0.662757832,4.700703717,5.534390405
E02000706,Merton 018,"9,384",104,17.6257,53.2,0.414973348,4.587710965,5.419892994
E02000707,Merton 019,"7,657",66,18.5321,58.3,0.397940009,4.620136055,5.443023473
E02000708,Merton 020,"8,456",51,14.4158,31,0.447158031,4.786751422,5.699440525
E02000709,Merton 021,"7,728",45,13.8458,24.1,0.255272505,4.767155866,5.666541379
E02000710,Merton 022,"8,635",27,16.0278,40.9,0.278753601,4.63748973,5.465085288
E02000711,Merton 023,"8,663",65,18.0076,40.3,0.361727836,4.62838893,5.485323851
E02000712,Merton 024,"8,777",54,17.318,33.5,0.176091259,4.625312451,5.510154774
E02000713,Merton 025,"7,411",48,14.1816,21.1,0.342422681,4.741939078,5.547887878
E02000714,Newham 001,"8,275",151,24.4471,68.8,0.204119983,4.629409599,5.553379293
E02000715,Newham 002,"7,657",179,20.9612,81.9,0,4.557507202,5.387818569
E02000716,Newham 003,"7,664",49,21.6858,76.2,0.414973348,4.609594409,5.493458051
E02000717,Newham 004,"8,571",172,22.9028,84.4,0.146128036,4.593286067,5.424424244
E02000718,Newham 005,"7,431",119,19.8762,82.7,0.113943352,4.574031268,5.368420779
E02000719,Newham 006,"8,195",118,27.4924,64.2,0.462397998,4.615950052,5.50198714
E02000720,Newham 007,"7,620",145,23.8583,78,0.079181246,4.626340367,5.609030634
E02000721,Newham 008,"9,851",167,27.1648,84.5,0.278753601,4.587710965,5.453617961
E02000722,Newham 009,"8,367",185,29.0188,59.8,0.397940009,4.64738297,5.500202158
E02000723,Newham 010,"10,684",150,24.635,91.6,0.255272505,4.6599162,5.410868299
E02000724,Newham 011,"9,887",199,23.8293,88.1,0.204119983,4.587710965,5.464341976
E02000725,Newham 012,"9,257",117,32.3539,58.4,0.255272505,4.674861141,5.541989633
E02000726,Newham 013,"17,882",53,41.6396,60.1,0.633468456,4.691081492,5.504741278
E02000727,Newham 014,"8,486",215,23.5093,90.4,0.255272505,4.605305046,5.39208112
E02000728,Newham 015,"8,446",129,21.0869,85.4,0.204119983,4.681241237,5.43250109
E02000729,Newham 016,"7,191",102,24.4472,70.4,0.255272505,4.629409599,5.516110787
E02000730,Newham 017,"9,147",182,23.6034,89.3,0.477121255,4.639486489,5.47877133
E02000731,Newham 018,"10,401",179,25.3437,85,0.041392685,4.649334859,5.470885103
E02000732,Newham 019,"7,859",178,23.0182,83.1,-0.045757491,4.549003262,5.366540621
E02000733,Newham 020,"10,161",137,25.716,67.3,0.301029996,4.559906625,5.458642381
E02000734,Newham 021,"7,765",204,24.2885,69.1,0.176091259,4.5774918,5.508095881
E02000735,Newham 022,"8,098",148,24.3887,78.4,0.255272505,4.632457292,5.475440181
E02000736,Newham 023,"9,031",72,21.3819,75.2,0.278753601,4.562292864,5.408911246
E02000737,Newham 024,"10,039",119,20.8088,70.3,0.041392685,4.59439255,5.435946241
E02000738,Newham 025,"9,164",200,21.148,72.9,-0.15490196,4.602059991,5.462108871
E02000739,Newham 026,"7,591",168,23.9362,68.6,0.544068044,4.596597096,5.440424164
E02000740,Newham 027,"6,950",55,24.6187,61.8,-0.045757491,4.575187845,5.462974179
E02000741,Newham 028,"8,756",116,21.8365,66.4,0.361727836,4.657055853,5.441512898
E02000742,Newham 029,"8,636",109,21.723,67.5,0.447158031,4.592176757,5.386432969
E02000743,Newham 030,"9,120",145,23.7939,62,0.113943352,4.557507202,5.43161301
E02000744,Newham 031,"8,907",149,22.4655,55.4,0.146128036,4.58546073,5.402108277
E02000745,Newham 032,"8,399",116,22.4312,57.5,0.278753601,4.629409599,5.416550644
E02000746,Newham 033,"7,889",19,28.4827,57.8,0.491361694,4.618048097,5.433412974
E02000747,Newham 034,"11,595",61,29.8922,53.8,0.602059991,4.686636269,5.570276678
E02000748,Newham 035,"6,470",49,20.0927,46.5,0.380211242,4.621176282,5.424422609
E02000749,Newham 036,"8,825",62,22.6856,53.4,0.041392685,4.596597096,5.407346708
E02000750,Newham 037,"12,550",38,27.9681,54.1,0.397940009,4.747411808,5.539468795
E02000751,Redbridge 001,"10,427",34,14.894,21.1,0.544068044,4.802089258,5.780923317
E02000752,Redbridge 002,"7,361",15,17.1988,29.3,0.322219295,4.605305046,5.419405514
E02000753,Redbridge 003,"6,563",87,17.3244,30.4,0.342422681,4.64738297,5.473644601
E02000754,Redbridge 004,"6,753",55,16.8518,28.8,0.380211242,4.722633923,5.61133875
E02000755,Redbridge 005,"5,638",42,18.1625,27.3,0.146128036,4.691965103,5.52376207
E02000756,Redbridge 006,"13,348",37,18.5496,34.9,0.397940009,4.698100546,5.551169324
E02000757,Redbridge 007,"12,522",84,17.8885,26.5,0.491361694,4.768638101,5.634159746
E02000758,Redbridge 008,"6,097",53,18.4189,51.1,0.361727836,4.684845362,5.587923011
E02000759,Redbridge 009,"13,011",56,16.9933,37.2,0.342422681,4.731588765,5.605476359
E02000760,Redbridge 010,"7,360",71,17.106,46.3,0.342422681,4.668385917,5.527690466
E02000762,Redbridge 012,"6,603",83,20.1878,62.5,0.544068044,4.733999287,5.597686412
E02000763,Redbridge 013,"7,213",9,19.8115,60.2,0.322219295,4.702430536,5.506618665
E02000764,Redbridge 014,"12,574",63,16.7568,30.2,0.462397998,4.780317312,5.692823134
E02000765,Redbridge 015,"6,561",90,18.7776,66,0.51851394,4.698100546,5.555364135
E02000767,Redbridge 017,"8,080",92,18.7252,62.3,0.397940009,4.710117365,5.564653047
E02000768,Redbridge 018,"5,774",34,15.7603,30.3,0.301029996,4.795880017,5.818404723
E02000769,Redbridge 019,"16,049",106,19.7458,56.9,0.255272505,4.684845362,5.411698814
E02000770,Redbridge 020,"7,982",69,20.3834,75.1,0.397940009,4.710117365,5.452133119
E02000772,Redbridge 022,"8,643",62,18.9865,73.2,0.342422681,4.691965103,5.477417921
E02000773,Redbridge 023,"9,940",104,20.6036,79,0.380211242,4.719331287,5.529241657
E02000774,Redbridge 024,"7,498",110,21.2723,80.7,0.176091259,4.691965103,5.530818031
E02000776,Redbridge 026,"6,834",114,19.242,76.2,0.556302501,4.683947131,5.53258241
E02000777,Redbridge 027,"6,057",17,16.0145,29.8,0.322219295,4.752816431,5.691457246
E02000779,Redbridge 029,"8,381",93,19.8425,78.7,0.431363764,4.635483747,5.438027852
E02000780,Redbridge 030,"16,061",126,21.0759,84.2,0.491361694,4.671172843,5.405006374
E02000781,Redbridge 031,"14,754",78,20.3267,73.3,0.301029996,4.679427897,5.536326083
E02000782,Redbridge 032,"10,005",143,20.4898,84.2,0.447158031,4.610660163,5.387069327
E02000783,Redbridge 033,"7,475",132,19.9732,82.5,0.230448921,4.618048097,5.434372469
E02006800,Redbridge 034,"14,115",86,21.7499,75.2,0.230448921,4.691081492,5.432602149
E02006924,Redbridge 035,"13,365",56,21.257,75.4,0.397940009,4.696356389,5.573728894
E02006925,Redbridge 036,"13,749",55,19.3978,71,0.278753601,4.752048448,5.628962841
E02000784,Richmond upon Thames 001,"10,212",39,14.0815,14.3,0.770852012,4.851258349,6.222172092
E02000785,Richmond upon Thames 002,"9,637",24,11.4662,12.1,0.707570176,4.876794976,5.983091094
E02000786,Richmond upon Thames 003,"11,426",62,11.8589,11.7,0.505149978,4.819543936,5.93916918
E02000787,Richmond upon Thames 004,"11,517",65,13.0329,18.9,0.568201724,4.818225894,5.832383716
E02000788,Richmond upon Thames 005,"8,964",83,10.6203,10.4,0.491361694,4.841984805,5.926771898
E02000789,Richmond upon Thames 006,"6,260",34,11.7732,14.3,0.662757832,4.831229694,6.034903062
E02000790,Richmond upon Thames 007,"6,559",82,11.9835,10.1,0.568201724,4.909556029,5.846729779
E02000791,Richmond upon Thames 008,"6,555",59,15.6979,12.5,0.86332286,4.896526217,6.05688847
E02000792,Richmond upon Thames 009,"7,101",57,11.942,9.9,0.662757832,4.88536122,5.976194944
E02000793,Richmond upon Thames 010,"8,368",63,15.9058,22.9,0.414973348,4.727541257,5.626812393
E02000794,Richmond upon Thames 011,"6,863",47,13.2304,15,0.301029996,4.843855423,5.752020775
E02000795,Richmond upon Thames 012,"6,867",6,10.3539,11.5,0.556302501,4.88422877,6.162430872
E02000796,Richmond upon Thames 013,"10,665",56,16.315,30.4,0.301029996,4.704150517,5.624698654
E02000797,Richmond upon Thames 014,"7,572",83,14.8838,10.1,0.414973348,4.859738566,5.721491576
E02000798,Richmond upon Thames 015,"11,166",45,12.95,16,0.301029996,4.791690649,5.690888626
E02000799,Richmond upon Thames 016,"6,691",52,20.4753,10,0.447158031,4.828015064,5.806711659
E02000800,Richmond upon Thames 017,"5,427",30,14.4279,17,0.255272505,4.691081492,5.71039157
E02000801,Richmond upon Thames 018,"7,115",72,12.8742,8.6,0.544068044,4.84260924,5.791285633
E02000802,Richmond upon Thames 019,"7,046",49,12.8726,10.3,0.447158031,4.804820679,5.768795662
E02000803,Richmond upon Thames 020,"9,629",49,13.7501,16.3,0.361727836,4.697229343,5.657840509
E02000804,Richmond upon Thames 021,"7,296",19,13.5143,9.3,0.491361694,4.80140371,5.802994578
E02000805,Richmond upon Thames 022,"11,545",42,16.0589,11.4,0.748188027,4.809559715,5.851507843
E02000806,Richmond upon Thames 023,"10,249",15,12.7037,11.3,0.556302501,4.77815125,5.795761178
E02000807,Southwark 001,"9,089",128,29.3872,32.2,0.544068044,4.843232778,5.702177986
E02000808,Southwark 002,"10,580",101,38.7524,35.9,0.748188027,4.743509765,5.985944444
E02000809,Southwark 003,"13,212",172,28.5725,29.4,1.041392685,4.876794976,5.879616491
E02000810,Southwark 004,"12,423",181,26.9903,38.6,0.51851394,4.688419822,5.745247382
E02000812,Southwark 006,"10,658",152,32.6515,48,0.397940009,4.701567985,5.795691666
E02000813,Southwark 007,"10,366",116,27.8989,41.5,0.477121255,4.632457292,5.638236594
E02000814,Southwark 008,"9,071",92,29.4234,32.9,0.633468456,4.802089258,5.641322378
E02000815,Southwark 009,"7,105",169,47.3892,50.3,0.568201724,4.757396029,5.671408909
E02000816,Southwark 010,"9,971",131,25.1028,37.4,0.361727836,4.598790507,5.621982821
E02000817,Southwark 011,"7,146",108,24.1674,41.2,0.322219295,4.559906625,5.554146192
E02000818,Southwark 012,"7,735",132,29.6703,46.5,0.361727836,4.645422269,5.641274765
E02000819,Southwark 013,"8,878",165,28.6551,50,0.113943352,4.593286067,5.585215876
E02000820,Southwark 014,"9,907",220,27.4856,44.5,0.653212514,4.611723308,5.645594184
E02000821,Southwark 015,"8,147",113,22.5973,63.8,0,4.5774918,5.606158786
E02000822,Southwark 016,"7,255",151,22.164,59.6,0.204119983,4.595496222,5.573168772
E02000823,Southwark 017,"8,732",136,24.5992,51.1,0.643452676,4.622214023,5.65039787
E02000824,Southwark 018,"10,135",104,21.263,70.1,-0.045757491,4.553883027,5.492248989
E02000825,Southwark 019,"9,661",181,22.1406,74,0.041392685,4.58546073,5.468951082
E02000826,Southwark 020,"9,120",166,22.9386,57.1,-0.045757491,4.665580991,5.616430349
E02000827,Southwark 021,"10,875",160,21.3793,62.9,-0.045757491,4.626340367,5.605056037
E02000828,Southwark 022,"8,580",135,23.2517,67.7,0.113943352,4.632457292,5.53339198
E02000829,Southwark 023,"11,568",146,24.1528,58.6,0.041392685,4.605305046,5.636246109
E02000830,Southwark 024,"9,431",113,25.0027,39.1,0.397940009,4.710963119,5.759914756
E02000831,Southwark 025,"9,929",123,21.6336,43.5,0.491361694,4.691081492,5.779500532
E02000832,Southwark 026,"10,690",126,19.42,56,0.079181246,4.610660163,5.656431704
E02000833,Southwark 027,"8,544",103,26.5332,52.5,0.322219295,4.702430536,5.691988053
E02000834,Southwark 028,"9,505",78,18.5376,29.8,0.568201724,4.773786445,5.816831009
E02000835,Southwark 029,"7,798",53,16.2862,38.6,0.301029996,4.741939078,5.708395403
E02000836,Southwark 030,"8,360",111,15.5742,25.9,0.579783597,4.819543936,5.832856209
E02000837,Southwark 031,"9,476",40,14.6686,18.7,0.51851394,4.906873535,6.075105874
E02000838,Southwark 032,"9,265",87,15.1538,30.2,0.301029996,4.7355989,5.742125501
E02000839,Southwark 033,"8,195",30,13.7645,36.1,0.342422681,4.7355989,5.790467431
E02006802,Southwark 034,"7,494",109,33.9472,43.1,0.602059991,4.736396502,5.843737189
E02000840,Sutton 001,"8,485",62,18.68,25.2,0.113943352,4.632457292,5.416820178
E02000841,Sutton 002,"9,055",78,17.9569,27.3,-0.22184875,4.625312451,5.42283925
E02000842,Sutton 003,"7,876",49,16.9756,22.5,0.230448921,4.725094521,5.547175138
E02000843,Sutton 004,"7,922",62,17.1421,20.3,0.146128036,4.710117365,5.400629501
E02000844,Sutton 005,"8,095",80,17.2329,19.2,0,4.691081492,5.474289126
E02000845,Sutton 006,"9,729",65,15.0581,19.9,0.176091259,4.780317312,5.583199908
E02000846,Sutton 007,"7,271",53,14.9085,21.9,0.176091259,4.720985744,5.543516761
E02000847,Sutton 008,"9,166",59,14.8156,16.9,0.230448921,4.737987326,5.579502357
E02000848,Sutton 009,"8,030",70,16.1395,17.7,0.079181246,4.78604121,5.547465791
E02000849,Sutton 010,"7,860",66,16.2341,19.3,0.146128036,4.73239376,5.501650705
E02000850,Sutton 011,"10,695",21,15.4932,23.5,0.204119983,4.756636108,5.497860861
E02000851,Sutton 012,"9,247",81,17.065,24.9,0.342422681,4.657055853,5.411856988
E02000852,Sutton 013,"7,742",82,15.2415,17.1,0.301029996,4.712649702,5.495288958
E02000853,Sutton 014,"7,898",63,15.4849,20.9,0.230448921,4.701567985,5.51605388
E02000854,Sutton 015,"7,472",46,14.3469,12.7,0.176091259,4.761175813,5.57051492
E02000855,Sutton 016,"8,097",43,14.9315,17,0.278753601,4.79518459,5.672716518
E02000856,Sutton 017,"8,953",71,16.9105,22.7,0.819543936,4.733197265,5.54974608
E02000857,Sutton 018,"8,590",84,14.156,26.2,0.591064607,4.716003344,5.46350628
E02000858,Sutton 019,"8,257",54,18.4571,27.4,0.51851394,4.607455023,5.487508853
E02000859,Sutton 020,"8,568",50,14.3441,18.5,0.380211242,4.706717782,5.542222721
E02000860,Sutton 021,"8,280",94,15.7367,26.8,0.643452676,4.669316881,5.420549814
E02000861,Sutton 022,"7,700",30,14.4545,17.2,0.278753601,4.841984805,5.782638857
E02000863,Sutton 024,"6,713",10,14.6879,23.7,0.079181246,4.738780558,5.666985718
E02006836,Sutton 025,"8,444",25,12.9441,23.2,0.491361694,4.820857989,5.748384966
E02000864,Tower Hamlets 001,"9,721",77,23.5778,44.8,0.255272505,4.63447727,5.56933879
E02000865,Tower Hamlets 002,"7,906",170,26.17,53.1,0.113943352,4.626340367,5.637422679
E02000866,Tower Hamlets 003,"10,443",92,25.6823,34.5,0.322219295,4.731588765,5.765700586
E02000867,Tower Hamlets 004,"11,968",148,31.3168,42.1,0.785329835,4.757396029,5.600727924
E02000868,Tower Hamlets 005,"7,162",199,31.5834,45.6,0.079181246,4.700703717,5.643643132
E02000869,Tower Hamlets 006,"6,169",192,24.9311,43.7,0.361727836,4.646403726,5.769972227
E02000870,Tower Hamlets 007,"6,674",169,27.4948,46,0.079181246,4.656098202,5.62045567
E02000871,Tower Hamlets 008,"10,796",161,26.7506,72,0.322219295,4.593286067,5.523669743
E02000872,Tower Hamlets 009,"8,756",192,32.7775,51.1,0.301029996,4.672097858,5.783927151
E02000873,Tower Hamlets 010,"9,570",190,36.7607,57.5,0.230448921,4.638489257,5.674387106
E02000874,Tower Hamlets 011,"7,297",213,30.1905,66.3,0.544068044,4.549003262,5.584029149
E02000875,Tower Hamlets 012,"12,451",186,28.9535,65.2,0.380211242,4.646403726,5.550526752
E02000876,Tower Hamlets 013,"7,815",145,34.9968,62.3,0.462397998,4.738780558,5.631125034
E02000877,Tower Hamlets 014,"11,804",146,30.2101,68,0.69019608,4.617000341,5.627129184
E02000878,Tower Hamlets 015,"11,489",180,37.6621,54.7,0.73239376,4.705863712,5.804345963
E02000879,Tower Hamlets 016,"8,876",200,30.6332,59.3,0.278753601,4.649334859,5.611784891
E02000880,Tower Hamlets 017,"6,305",169,30.5789,63.5,0.397940009,4.625312451,5.610669743
E02000881,Tower Hamlets 018,"8,425",120,23.2285,65.2,0.633468456,4.59439255,5.512757751
E02000882,Tower Hamlets 019,"10,135",177,24.7854,70.4,0.230448921,4.615950052,5.577240112
E02000883,Tower Hamlets 020,"9,119",193,21.7129,62.3,0.278753601,4.595496222,5.516384634
E02000884,Tower Hamlets 021,"10,981",201,39.7687,58,0.763427994,4.733197265,5.754511166
E02000885,Tower Hamlets 022,"7,550",223,25.8675,69.7,0.397940009,4.62324929,5.566832126
E02000886,Tower Hamlets 023,"8,355",171,25.1466,50.5,0.763427994,4.766412847,5.721283703
E02000887,Tower Hamlets 024,"10,168",174,24.6853,62.2,0.204119983,4.63748973,5.567032251
E02000888,Tower Hamlets 025,"9,560",181,25.7218,60,0.748188027,4.768638101,5.741953239
E02000889,Tower Hamlets 026,"7,900",136,25.8861,49.5,0.662757832,4.782472624,5.732403411
E02000890,Tower Hamlets 027,"6,123",109,21.9174,24,0.982271233,4.898176483,5.87219358
E02000891,Tower Hamlets 028,"15,851",104,32.0232,54.8,0.986771734,4.892094603,5.676065028
E02000893,Tower Hamlets 030,"7,559",105,23.0586,42.4,0.602059991,4.716003344,5.628226422
E02000894,Tower Hamlets 031,"11,267",206,28.1086,42.7,0.707570176,4.802773725,5.643580972
E02006853,Tower Hamlets 032,"9,595",192,30.0261,54.4,1.146128036,4.768638101,5.638147677
E02006854,Tower Hamlets 033,"7,446",82,28.0285,48.1,1.100370545,5.024074987,5.788389706
E02000895,Waltham Forest 001,"8,194",37,16.5609,21.9,0.204119983,4.649334859,5.554221353
E02000896,Waltham Forest 002,"9,226",33,15.478,13.9,0.380211242,4.710117365,5.608752749
E02000897,Waltham Forest 003,"8,520",45,16.3028,23.9,0.204119983,4.663700925,5.561213522
E02000898,Waltham Forest 004,"8,012",52,16.2381,25.7,0.041392685,4.683047038,5.568206419
E02000899,Waltham Forest 005,"8,474",70,18.1378,27.8,0.113943352,4.668385917,5.548080941
E02000900,Waltham Forest 006,"8,719",56,19.5779,41.9,-0.301029996,4.635483747,5.465873387
E02000901,Waltham Forest 007,"10,214",59,17.1823,22.9,0.278753601,4.737192643,5.597947354
E02000902,Waltham Forest 008,"8,746",72,17.5166,44.7,0.380211242,4.657055853,5.517290931
E02000903,Waltham Forest 009,"9,186",47,19.3991,52.6,0.176091259,4.572871602,5.531204203
E02000904,Waltham Forest 010,"8,619",59,18.1924,47.6,0.477121255,4.691081492,5.586379108
E02000905,Waltham Forest 011,"10,044",96,17.5428,49.9,0.278753601,4.682145076,5.596523424
E02000906,Waltham Forest 012,"9,571",155,16.4978,49.1,0.146128036,4.653212514,5.569452333
E02000907,Waltham Forest 013,"10,760",120,19.9721,55.2,0,4.56937391,5.565182887
E02000908,Waltham Forest 014,"11,840",50,21.3345,49.5,0.146128036,4.605305046,5.542309941
E02000909,Waltham Forest 015,"9,063",65,16.3853,44.2,0.255272505,4.715167358,5.648429297
E02000910,Waltham Forest 016,"10,839",137,21.2104,53.9,0.255272505,4.686636269,5.649116683
E02000911,Waltham Forest 017,"11,518",129,20.863,54.6,0.301029996,4.653212514,5.566737918
E02000912,Waltham Forest 018,"8,950",36,19.2737,59.8,0.322219295,4.650307523,5.592677407
E02000913,Waltham Forest 019,"9,217",87,21.9486,58.8,0.397940009,4.645422269,5.609857894
E02000914,Waltham Forest 020,"11,352",162,22.9739,67.9,0.278753601,4.57634135,5.572476609
E02000915,Waltham Forest 021,"9,064",61,22.8045,46,0.447158031,4.693726949,5.599128403
E02000916,Waltham Forest 022,"9,677",44,17.8568,61.1,0.431363764,4.63748973,5.5480834
E02000917,Waltham Forest 023,"9,988",147,21.1053,53.1,0.301029996,4.675778342,5.527495855
E02000918,Waltham Forest 024,"9,594",115,21.5239,51.9,0.397940009,4.611723308,5.564229183
E02000919,Waltham Forest 025,"9,418",168,24.9097,55.8,0.361727836,4.640481437,5.590922046
E02000920,Waltham Forest 026,"10,105",58,25.3934,63.7,0.301029996,4.587710965,5.514768164
E02000921,Waltham Forest 027,"11,449",136,23.2684,59.9,0.322219295,4.584331224,5.555017019
E02000922,Waltham Forest 028,"10,811",166,24.8821,56,0.322219295,4.584331224,5.533606848
E02000923,Wandsworth 001,"7,674",72,21.3187,20.6,0.897627091,4.812913357,6.05094517
E02000924,Wandsworth 002,"11,971",59,25.7038,43.7,0.792391689,4.648360011,5.861368905
E02000925,Wandsworth 003,"7,765",176,21.5969,39.6,0.447158031,4.681241237,5.872921589
E02000926,Wandsworth 004,"9,865",157,24.7542,27.2,0.838849091,4.785329835,5.792977592
E02000927,Wandsworth 005,"7,112",158,25.5624,24.6,0.380211242,4.73479983,5.79206865
E02000928,Wandsworth 006,"8,443",90,16.9253,11.1,0.568201724,4.909020854,6.020681084
E02000929,Wandsworth 007,"7,325",182,24.2321,54,0.414973348,4.620136055,5.664736908
E02000930,Wandsworth 008,"10,409",128,33.644,20.8,0.556302501,4.824776462,5.832392021
E02000931,Wandsworth 009,"9,276",117,22.0138,12.9,0.633468456,4.948412966,5.963507334
E02000932,Wandsworth 010,"10,771",85,22.9134,15.8,0.653212514,4.878521796,5.830582895
E02000933,Wandsworth 011,"8,552",80,19.1885,16.6,0.62324929,4.826074803,5.911299331
E02000934,Wandsworth 012,"9,644",123,27.2294,23.3,0.612783857,4.804820679,5.865078497
E02000935,Wandsworth 013,"6,955",49,30.2229,35.9,0.278753601,4.580924976,5.561716596
E02000936,Wandsworth 014,"8,591",95,21.9532,20.6,0.544068044,4.834420704,5.786184767
E02000937,Wandsworth 015,"8,111",66,15.9783,12.9,0.51851394,4.942504106,6.022719041
E02000938,Wandsworth 016,"10,380",59,18.9403,28.7,0.73239376,4.694605199,5.815400408
E02000939,Wandsworth 017,"8,070",111,14.6592,13.7,0.505149978,4.986323777,6.110506883
E02000940,Wandsworth 018,"8,295",118,22.0735,37.4,0.568201724,4.761927838,5.676486013
E02000941,Wandsworth 019,"10,022",94,17.0126,17.4,0.544068044,4.861534411,5.896748268
E02000942,Wandsworth 020,"9,256",92,17.2753,20.7,0.568201724,4.866877814,5.913440835
E02000943,Wandsworth 021,"8,711",123,24.9455,20.6,0.612783857,4.869818208,5.881860921
E02000944,Wandsworth 022,"7,071",121,20.6053,38.5,0.462397998,4.687528961,5.613299408
E02000945,Wandsworth 023,"7,942",36,28.6326,34.6,0.322219295,4.574031268,5.517325243
E02000946,Wandsworth 024,"8,612",81,21.8648,27.5,0.361727836,4.772321707,5.759318758
E02000947,Wandsworth 025,"8,497",102,14.6405,18.2,0.431363764,4.852479994,5.815478128
E02000948,Wandsworth 026,"9,822",74,28.6398,25.5,0.568201724,4.833784375,5.772947022
E02000949,Wandsworth 027,"9,667",69,20.7407,17.6,0.643452676,4.883093359,5.911904592
E02000950,Wandsworth 028,"7,630",89,17.9817,26.6,0.491361694,4.702430536,5.727245934
E02000951,Wandsworth 029,"6,515",132,25.7713,28.6,0.633468456,4.790285164,5.822602157
E02000952,Wandsworth 030,"6,044",108,23.4447,27.5,0.591064607,4.821513528,5.906252593
E02000953,Wandsworth 031,"7,620",111,24.0945,28.3,0.322219295,4.832508913,5.761549732
E02000954,Wandsworth 032,"6,123",136,22.7666,47.6,0.62324929,4.752816431,5.81438479
E02000955,Wandsworth 033,"6,440",115,22.6087,53.5,0.681241237,4.658011397,5.724221784
E02000956,Wandsworth 034,"7,976",93,28.9619,51,0.531478917,4.680335513,5.650123856
E02000957,Wandsworth 035,"10,881",146,22.1579,47.6,0.544068044,4.693726949,5.671878807
E02000958,Wandsworth 036,"8,586",96,18.8446,40.1,0.602059991,4.764922985,5.724856453
E02000959,Wandsworth 037,"7,920",152,18.2828,46.6,0.799340549,4.684845362,5.615944794
E02000960,Westminster 001,"7,669",83,17.0948,38.7,1.158362492,4.848189117,6.137817597
E02000961,Westminster 002,"10,699",132,16.9268,37.5,0.799340549,4.781036939,6.051799429
E02000962,Westminster 003,"9,398",135,17.7165,44.8,1.089905111,4.741151599,6.051345885
E02000963,Westminster 004,"11,274",231,19.2922,52.9,0.462397998,4.640481437,5.779124426
E02000964,Westminster 005,"13,960",274,19.8281,50.1,0.414973348,4.673020907,5.768333174
E02000965,Westminster 006,"9,251",188,19.7925,34,0.568201724,4.7930916,5.922834407
E02000966,Westminster 007,"10,530",188,14.5584,29.9,0.903089987,4.831229694,6.107073892
E02000967,Westminster 008,"8,709",62,29.016,39.3,1.230448921,4.880241776,6.144578566
E02000968,Westminster 009,"15,688",258,20.5699,61.5,0.477121255,4.587710965,5.742318919
E02000969,Westminster 010,"10,319",190,18.6258,57.3,0.204119983,4.619093331,5.815192423
E02000970,Westminster 011,"10,335",95,22.0513,26.8,1.344392274,4.922206277,6.343724401
E02000971,Westminster 012,"8,919",165,24.9692,36.4,1.245512668,4.814247596,6.103926811
E02000972,Westminster 013,"10,012",77,29.9241,32.5,1.113943352,4.722633923,6.212106067
E02000973,Westminster 014,"11,187",206,18.155,30.4,0.73239376,4.777426822,6.152027383
E02000974,Westminster 015,"8,578",124,22.546,47.8,1.301029996,4.78604121,6.074905996
E02000975,Westminster 016,"9,694",200,26.3462,33.8,1.041392685,4.814913181,6.02006903
E02000976,Westminster 017,"10,702",232,25.9017,37,0.991226076,4.77524626,6.040294507
E02000977,Westminster 018,"6,567",26,13.7353,30.7,1.426511261,4.837588438,6.292119779
E02000978,Westminster 019,"10,632",30,29.6464,30.4,1.456366033,4.972202838,6.660627973
E02000979,Westminster 020,"9,733",70,22.3878,26.4,1.158362492,4.767897616,6.138453648
E02000980,Westminster 021,"9,901",221,19.4728,32.1,0.982271233,4.693726949,6.029464947
E02000981,Westminster 022,"9,886",272,24.125,20.9,0.875061263,4.825426118,6.001490111
E02000982,Westminster 023,"9,234",141,18.1936,35.7,1.049218023,4.7084209,6.362235098
E02000983,Westminster 024,"9,422",249,20.7599,29.7,1.033423755,4.688419822,5.945273552
